hsa-let-7g,"Carcinoma, Hepatocellular",-1,1
hsa-let-7g,Lung Neoplasms,-1,1
hsa-let-7g,"Carcinoma, Non-Small-Cell Lung",-1,1
hsa-let-7g,Ovarian Neoplasms,-1,1
hsa-let-7g,Colorectal Neoplasms,1,1
hsa-let-7g,Squamous Cell Carcinoma of Head and Neck,1,1
hsa-let-7g,"Carcinoma, Hepatocellular",-1,1
hsa-let-7g,Melanoma,-1,1
hsa-let-7g,Squamous Cell Carcinoma of Head and Neck,-1,1
hsa-let-7g,Prostatic Neoplasms,-1,1
hsa-let-7g,Prostatic Neoplasms,1,1
hsa-let-7i,Alzheimer Disease,-1,1
hsa-let-7i,Breast Neoplasms,1,1
hsa-let-7i,Squamous Cell Carcinoma of Head and Neck,1,1
hsa-mir-1,Cardiomegaly,-1,1
hsa-mir-1,Cardiomegaly,-1,1
hsa-mir-203,Adenocarcinoma,1,1
hsa-mir-203,Leiomyoma,-1,1
hsa-mir-204,"Leukemia, Myeloid, Acute",-1,1
hsa-mir-204,Breast Neoplasms,-1,1
hsa-mir-204,Insulinoma,1,1
hsa-let-7d,"Leukemia, Promyelocytic, Acute",1,1
hsa-mir-635,Ovarian Neoplasms,-1,1
hsa-mir-10a,"Lymphoma, Large B-Cell, Diffuse",-1,1
hsa-mir-184,"Leukemia, Myeloid, Acute",-1,1
hsa-mir-19a,"Carcinoma, Hepatocellular",-1,1
hsa-mir-24,Prostatic Neoplasms,1,1
hsa-mir-302c,"Carcinoma, Ovarian Epithelial",-1,1
hsa-mir-30d,Squamous Cell Carcinoma of Head and Neck,-1,1
hsa-mir-150,Lung Neoplasms,1,1
hsa-mir-146a,Lung Neoplasms,1,1
hsa-mir-146a,Squamous Cell Carcinoma of Head and Neck,1,1
hsa-mir-146a,Pancreatic Neoplasms,1,1
hsa-mir-146a,Pancreatic Neoplasms,1,1
hsa-mir-146a,Prostatic Neoplasms,1,1
hsa-mir-146a,Psoriasis,1,1
hsa-let-7d,Lung Neoplasms,-1,1
hsa-let-7d,Ovarian Neoplasms,-1,1
hsa-let-7d,Breast Neoplasms,-1,1
hsa-let-7d,"Carcinoma, Ovarian Epithelial",-1,1
hsa-let-7d,"Carcinoma, Ovarian Epithelial",-1,1
hsa-let-7d,"Carcinoma, Hepatocellular",-1,1
hsa-let-7d,Melanoma,-1,1
hsa-let-7d,Squamous Cell Carcinoma of Head and Neck,-1,1
hsa-let-7d,Pancreatic Neoplasms,1,1
hsa-let-7d,Prostatic Neoplasms,-1,1
hsa-let-7e,Lung Neoplasms,-1,1
hsa-let-7e,Precursor Cell Lymphoblastic Leukemia-Lymphoma,-1,1
hsa-let-7e,"Leukemia, Myeloid, Acute",1,1
hsa-let-7e,"Leukemia, Myeloid, Acute",1,1
hsa-let-7e,"Lymphoma, Large B-Cell, Diffuse",-1,1
hsa-let-7e,Squamous Cell Carcinoma of Head and Neck,1,1
hsa-let-7e,"Carcinoma, Hepatocellular",-1,1
hsa-let-7e,Melanoma,-1,1
hsa-let-7e,Squamous Cell Carcinoma of Head and Neck,-1,1
hsa-let-7e,Ovarian Neoplasms,-1,1
hsa-let-7e,Pituitary Neoplasms,-1,1
hsa-let-7e,Psoriasis,-1,1
hsa-let-7f,Lung Neoplasms,-1,1
hsa-mir-125b,"Thyroid Carcinoma, Anaplastic",-1,1
hsa-mir-125b,Breast Neoplasms,-1,1
hsa-mir-125b,Breast Neoplasms,-1,1
hsa-mir-125b,Prostatic Neoplasms,-1,1
hsa-mir-125b,Prostatic Neoplasms,1,1
hsa-mir-125b,Alzheimer Disease,1,1
hsa-mir-125b,Cardiomegaly,1,1
hsa-mir-125b,Heart Failure,1,1
hsa-mir-150,Adenocarcinoma,1,1
hsa-mir-150,Polycythemia Vera,-1,1
hsa-mir-150,"Liver Cirrhosis, Biliary",-1,1
hsa-mir-150,Leiomyoma,-1,1
hsa-mir-152,Asthma,normal,1
hsa-mir-152,Breast Neoplasms,-1,1
hsa-mir-152,Breast Neoplasms,-1,1
hsa-mir-152,"Carcinoma, Ovarian Epithelial",-1,1
hsa-mir-153,"Leukemia, Lymphocytic, Chronic, B-Cell",1,1
hsa-mir-133b,Parkinson Disease,-1,1
hsa-mir-133b,"Carcinoma, Squamous Cell",-1,1
hsa-mir-133b,Colorectal Neoplasms,-1,1
hsa-mir-133b,Glioblastoma,-1,1
hsa-mir-133b,Squamous Cell Carcinoma of Head and Neck,-1,1
hsa-mir-133b,"Liver Cirrhosis, Biliary",-1,1
hsa-mir-133b,Psoriasis,-1,1
hsa-mir-133b,Testicular Neoplasms,1,1
hsa-mir-134,"Leukemia, Promyelocytic, Acute",-1,1
hsa-mir-134,"Leukemia, Lymphocytic, Chronic, B-Cell",1,1
hsa-mir-134,"Muscular Dystrophy, Duchenne",1,1
hsa-mir-134,"Carcinoma, Ovarian Epithelial",-1,1
hsa-mir-134,"Muscular Dystrophies, Limb-Girdle",1,1
hsa-mir-134,"Myopathies, Nemaline",1,1
hsa-mir-134,Ovarian Neoplasms,-1,1
hsa-mir-136,Breast Neoplasms,1,1
hsa-mir-136,"Carcinoma, Hepatocellular",-1,1
hsa-mir-9,Hodgkin Disease,1,1
hsa-mir-31,Melanoma,-1,1
hsa-mir-31,Adenocarcinoma,1,1
hsa-mir-369-5p,Dermatomyositis,1,1
hsa-mir-369-5p,"Muscular Dystrophy, Duchenne",1,1
hsa-mir-369-5p,"Muscular Dystrophy, Facioscapulohumeral",1,1
hsa-mir-369-5p,"Myopathies, Nemaline",1,1
hsa-mir-370,Cholangiocarcinoma,-1,1
hsa-mir-370,Squamous Cell Carcinoma of Head and Neck,-1,1
hsa-mir-370,Prostatic Neoplasms,1,1
hsa-mir-372,"Carcinoma, Non-Small-Cell Lung",1,1
hsa-mir-372,Testicular Neoplasms,1,1
hsa-mir-372,"Leukemia, Myeloid, Acute",-1,1
hsa-mir-372,Squamous Cell Carcinoma of Head and Neck,-1,1
hsa-mir-372,Testicular Neoplasms,1,1
hsa-mir-373,Breast Neoplasms,1,1
hsa-mir-373,Testicular Neoplasms,1,1
hsa-mir-182,Prostatic Neoplasms,1,1
hsa-mir-183,Lung Neoplasms,1,1
hsa-mir-183,Prostatic Neoplasms,1,1
hsa-mir-184,Prostatic Neoplasms,-1,1
hsa-mir-206,Rhabdomyosarcoma,-1,1
hsa-mir-206,Rhabdomyosarcoma,-1,1
hsa-mir-20a,Kidney Neoplasms,1,1
hsa-mir-20a,Lung Neoplasms,1,1
hsa-mir-20b,Kidney Neoplasms,1,1
hsa-mir-214,Kidney Neoplasms,-1,1
hsa-mir-218,Lung Neoplasms,-1,1
hsa-mir-22,Lung Neoplasms,-1,1
hsa-mir-221,Prostatic Neoplasms,-1,1
hsa-mir-221,"Carcinoma, Hepatocellular",1,1
hsa-mir-221,Prostatic Neoplasms,-1,1
hsa-mir-221,"Carcinoma, Hepatocellular",1,1
hsa-mir-222,Pancreatic Neoplasms,1,1
hsa-mir-222,"Carcinoma, Hepatocellular",1,1
hsa-mir-222,Prostatic Neoplasms,-1,1
hsa-mir-223,"Leukemia, Lymphocytic, Chronic, B-Cell",-1,1
hsa-mir-23a,Cardiomegaly,1,1
hsa-mir-26a,Kidney Neoplasms,-1,1
hsa-mir-27a,Breast Neoplasms,1,1
hsa-mir-27a,Kidney Neoplasms,1,1
hsa-mir-29a,Kidney Neoplasms,1,1
hsa-mir-29a,Neuroblastoma,-1,1
hsa-mir-29b,Neuroblastoma,-1,1
hsa-mir-29b,Kidney Neoplasms,1,1
hsa-mir-375,Prostatic Neoplasms,1,1
hsa-mir-378,Kidney Neoplasms,-1,1
hsa-mir-424,Kidney Neoplasms,1,1
hsa-mir-424,"Leukemia, Lymphocytic, Chronic, B-Cell",-1,1
hsa-mir-425-5p,Lung Neoplasms,1,1
hsa-mir-451,Lung Neoplasms,-1,1
hsa-mir-497,Lung Neoplasms,-1,1
hsa-mir-532-5p,Kidney Neoplasms,-1,1
hsa-mir-599,Multiple Sclerosis,1,1
hsa-mir-661,Breast Neoplasms,-1,1
hsa-mir-7,Parkinson Disease,-1,1
hsa-mir-7,Lung Neoplasms,1,1
hsa-mir-720,Kidney Neoplasms,-1,1
hsa-mir-107,"Carcinoma, Non-Small-Cell Lung",-1,1
hsa-mir-107,"Leukemia, Lymphocytic, Chronic, B-Cell",-1,1
hsa-mir-125a-5p,Lung Neoplasms,-1,1
hsa-mir-125b,Prostatic Neoplasms,-1,1
hsa-mir-128,Neuroblastoma,-1,1
hsa-mir-130a,Lung Neoplasms,-1,1
hsa-mir-133b,Lung Neoplasms,-1,1
hsa-mir-141,Lung Neoplasms,1,1
hsa-mir-214,Cholangiocarcinoma,-1,1
hsa-mir-22,Cholangiocarcinoma,-1,1
hsa-mir-208a,Cardiomegaly,-1,1
hsa-mir-200c,Lung Neoplasms,-1,1
hsa-mir-429,Lung Neoplasms,-1,1
hsa-mir-221,Bladder Neoplasms,1,1
hsa-mir-221,Pancreatic Neoplasms,1,1
hsa-mir-125b,Breast Neoplasms,normal,1
hsa-mir-16,Prostatic Neoplasms,-1,1
hsa-mir-10a,Pancreatic Neoplasms,1,1
hsa-mir-1,Lung Neoplasms,-1,1
hsa-mir-143,Lung Neoplasms,-1,1
hsa-mir-130a,Lung Neoplasms,1,1
hsa-mir-31,Lung Neoplasms,1,1
hsa-mir-377,Lung Neoplasms,1,1
hsa-mir-141,Lung Neoplasms,-1,1
hsa-mir-200a,Lung Neoplasms,-1,1
hsa-mir-200b,Lung Neoplasms,-1,1
hsa-mir-221,"Leukemia, Promyelocytic, Acute",-1,1
hsa-mir-128b,"Leukemia, Promyelocytic, Acute",-1,1
hsa-mir-376a,Cholangiocarcinoma,-1,1
hsa-mir-424,Cholangiocarcinoma,-1,1
hsa-mir-17-3p,Prostatic Neoplasms,-1,1
hsa-mir-1,Myocardial Infarction,1,1
hsa-mir-130b,Glioma,-1,1
hsa-mir-15a,Glioma,-1,1
hsa-mir-16,Glioma,-1,1
hsa-mir-184,Glioma,-1,1
hsa-mir-19a,Glioma,-1,1
hsa-mir-20a,Glioma,-1,1
hsa-mir-25,Glioma,-1,1
hsa-mir-328,Glioma,-1,1
hsa-mir-9,Glioma,-1,1
hsa-mir-17,Glioma,1,1
hsa-mir-200a,Hodgkin Disease,-1,1
hsa-mir-614,Hodgkin Disease,-1,1
hsa-mir-16,Hodgkin Disease,1,1
hsa-mir-186,Hodgkin Disease,1,1
hsa-mir-20a,Hodgkin Disease,1,1
hsa-mir-30a-5p,Hodgkin Disease,1,1
hsa-mir-181b,Mouth Neoplasms,1,1
hsa-mir-30b,Hodgkin Disease,1,1
hsa-mir-9,Hodgkin Disease,1,1
hsa-mir-10b,Non-alcoholic Fatty Liver Disease,1,1
hsa-let-7c,Non-alcoholic Fatty Liver Disease,-1,1
hsa-let-7d,Non-alcoholic Fatty Liver Disease,-1,1
hsa-let-7e,Non-alcoholic Fatty Liver Disease,-1,1
hsa-mir-107,Non-alcoholic Fatty Liver Disease,-1,1
hsa-mir-130a,Non-alcoholic Fatty Liver Disease,-1,1
hsa-mir-183,Non-alcoholic Fatty Liver Disease,-1,1
hsa-mir-200c,Non-alcoholic Fatty Liver Disease,-1,1
hsa-mir-203,Non-alcoholic Fatty Liver Disease,-1,1
hsa-mir-375,Esophageal Neoplasms,-1,1
hsa-mir-194,Esophageal Neoplasms,1,1
hsa-mir-27b,Non-alcoholic Fatty Liver Disease,-1,1
hsa-mir-29b,Non-alcoholic Fatty Liver Disease,-1,1
hsa-mir-30a,Non-alcoholic Fatty Liver Disease,-1,1
hsa-mir-132,Non-alcoholic Fatty Liver Disease,1,1
hsa-mir-17,Non-alcoholic Fatty Liver Disease,1,1
hsa-mir-22,Non-alcoholic Fatty Liver Disease,1,1
hsa-mir-29c,Non-alcoholic Fatty Liver Disease,1,1
hsa-let-7a,Laryngeal Neoplasms,-1,1
hsa-mir-203,Esophageal Neoplasms,-1,1
hsa-mir-30c,Non-alcoholic Fatty Liver Disease,1,1
hsa-mir-30d,Non-alcoholic Fatty Liver Disease,1,1
hsa-mir-31,Non-alcoholic Fatty Liver Disease,1,1
hsa-mir-223,Esophageal Neoplasms,1,1
hsa-mir-22,Precursor Cell Lymphoblastic Leukemia-Lymphoma,-1,1
hsa-mir-223,"Thrombocythemia, Essential",1,1
hsa-mir-223,Primary Myelofibrosis,1,1
hsa-mir-26a,"Carcinoma, Hepatocellular",-1,1
hsa-mir-26b,"Carcinoma, Hepatocellular",-1,1
hsa-mir-29a,Lung Neoplasms,-1,1
hsa-let-7a,Lung Neoplasms,-1,1
hsa-mir-17,Polycystic Kidney Diseases,1,1
hsa-mir-150,Sepsis,-1,1
hsa-mir-106b,Colorectal Neoplasms,1,1
hsa-mir-130b,Colorectal Neoplasms,1,1
hsa-mir-181b,Colorectal Neoplasms,1,1
hsa-mir-20b,Multiple Sclerosis,-1,1
hsa-mir-1275,Multiple Sclerosis,1,1
hsa-mir-142-3p,Multiple Sclerosis,1,1
hsa-mir-145,Multiple Sclerosis,1,1
hsa-mir-186,Multiple Sclerosis,1,1
hsa-mir-223,Multiple Sclerosis,1,1
hsa-mir-422a,Multiple Sclerosis,1,1
hsa-mir-491-5p,Multiple Sclerosis,1,1
hsa-mir-181a,Breast Neoplasms,-1,1
hsa-mir-26a,Breast Neoplasms,-1,1
hsa-mir-141,Colorectal Neoplasms,-1,1
hsa-mir-326,Multiple Sclerosis,1,1
hsa-mir-143,Colorectal Neoplasms,-1,1
hsa-mir-200b,Breast Neoplasms,-1,1
hsa-mir-200c,Breast Neoplasms,-1,1
hsa-mir-1,Colorectal Neoplasms,-1,1
hsa-mir-10b,Colorectal Neoplasms,-1,1
hsa-mir-143,Colorectal Neoplasms,-1,1
hsa-mir-145,Colorectal Neoplasms,-1,1
hsa-mir-195,Colorectal Neoplasms,-1,1
hsa-mir-30a-3p,Colorectal Neoplasms,-1,1
hsa-mir-30a-5p,Colorectal Neoplasms,-1,1
hsa-mir-30c,Colorectal Neoplasms,-1,1
hsa-mir-422a,Colorectal Neoplasms,-1,1
hsa-mir-497,Colorectal Neoplasms,-1,1
hsa-mir-203,Colorectal Neoplasms,-1,1
hsa-mir-106a,Colorectal Neoplasms,1,1
hsa-mir-19a,Colorectal Neoplasms,1,1
hsa-mir-19b,Colorectal Neoplasms,1,1
hsa-mir-20a,Colorectal Neoplasms,1,1
hsa-mir-224,Colorectal Neoplasms,1,1
hsa-mir-25,Colorectal Neoplasms,1,1
hsa-mir-29a,Colorectal Neoplasms,1,1
hsa-mir-96,Colorectal Neoplasms,1,1
hsa-mir-17-5p,Colorectal Neoplasms,1,1
hsa-mir-182,Colorectal Neoplasms,1,1
hsa-mir-183,Colorectal Neoplasms,1,1
hsa-mir-29b,Colorectal Neoplasms,1,1
hsa-mir-93,Colorectal Neoplasms,1,1
hsa-mir-31,Colorectal Neoplasms,1,1
hsa-mir-124,"Carcinoma, Hepatocellular",-1,1
hsa-mir-203,"Carcinoma, Hepatocellular",-1,1
hsa-mir-29b,"Leukemia, Myeloid, Acute",-1,1
hsa-let-7b,Multiple Myeloma,-1,1
hsa-mir-140-3p,Multiple Myeloma,-1,1
hsa-let-7e,Multiple Myeloma,1,1
hsa-mir-125a-5p,Multiple Myeloma,1,1
hsa-mir-15a,"Thyroid Cancer, Papillary",-1,1
hsa-mir-16,"Thyroid Cancer, Papillary",-1,1
hsa-mir-26a,"Thyroid Cancer, Papillary",-1,1
hsa-let-7b,"Thyroid Cancer, Papillary",1,1
hsa-mir-200a,"Thyroid Cancer, Papillary",1,1
hsa-mir-222,"Thyroid Cancer, Papillary",1,1
hsa-mir-141,Ovarian Neoplasms,1,1
hsa-mir-200a,Ovarian Neoplasms,1,1
hsa-mir-200b,Ovarian Neoplasms,1,1
hsa-mir-200c,Ovarian Neoplasms,1,1
hsa-mir-429,Ovarian Neoplasms,1,1
hsa-mir-214,Uterine Cervical Neoplasms,-1,1
hsa-mir-17-3p,Lung Neoplasms,1,1
hsa-mir-17-3p,"Thyroid Carcinoma, Anaplastic",1,1
hsa-mir-17-3p,Lung Neoplasms,1,1
hsa-mir-17-3p,"Lymphoma, Large B-Cell, Diffuse",1,1
hsa-mir-17-3p,"Carcinoma, Hepatocellular",1,1
hsa-mir-17-3p,Lymphoma,1,1
hsa-mir-409-3p,Dermatomyositis,1,1
hsa-mir-409-3p,"Muscular Dystrophy, Duchenne",1,1
hsa-mir-409-3p,Distal Myopathies,1,1
hsa-mir-409-3p,"Myopathies, Nemaline",1,1
hsa-mir-422a,Ovarian Neoplasms,-1,1
hsa-mir-637,Squamous Cell Carcinoma of Head and Neck,1,1
hsa-mir-637,Ovarian Neoplasms,1,1
hsa-mir-648,Ovarian Neoplasms,-1,1
hsa-mir-657,Ovarian Neoplasms,-1,1
hsa-mir-662,Ovarian Neoplasms,-1,1
hsa-mir-663,Breast Neoplasms,-1,1
hsa-mir-663,Breast Neoplasms,-1,1
hsa-mir-663,Ovarian Neoplasms,1,1
hsa-mir-7,Glioblastoma,-1,1
hsa-mir-7,Squamous Cell Carcinoma of Head and Neck,1,1
hsa-mir-802,Down Syndrome,1,1
hsa-mir-9,Metabolic Diseases,1,1
hsa-mir-9,Ovarian Neoplasms,-1,1
hsa-mir-9,Alzheimer Disease,1,1
hsa-mir-10a,Squamous Cell Carcinoma of Head and Neck,1,1
hsa-mir-10a,Pancreatic Neoplasms,1,1
hsa-mir-10a,Prostatic Neoplasms,1,1
hsa-mir-10a,Psoriasis,-1,1
hsa-mir-10a,Leiomyoma,-1,1
hsa-mir-10b,Breast Neoplasms,1,1
hsa-mir-10b,"Leukemia, Lymphocytic, Chronic, B-Cell",1,1
hsa-mir-10b,Breast Neoplasms,-1,1
hsa-mir-10b,Cardiomegaly,-1,1
hsa-mir-10b,"Pancreatitis, Chronic",1,1
hsa-mir-10b,Glioblastoma,1,1
hsa-mir-10b,Ovarian Neoplasms,1,1
hsa-mir-10b,Pancreatic Neoplasms,1,1
hsa-mir-10b,Prostatic Neoplasms,1,1
hsa-mir-10b,Ovarian Neoplasms,-1,1
hsa-mir-184,"Carcinoma, Ovarian Epithelial",-1,1
hsa-mir-184,Melanoma,-1,1
hsa-mir-184,Squamous Cell Carcinoma of Head and Neck,-1,1
hsa-mir-184,Prostatic Neoplasms,1,1
hsa-mir-185,"Carcinoma, Hepatocellular",1,1
hsa-mir-185,Bladder Neoplasms,1,1
hsa-mir-185,Cardiomegaly,-1,1
hsa-mir-185,Cardiomegaly,-1,1
hsa-mir-185,Glioblastoma,-1,1
hsa-mir-185,Kidney Neoplasms,1,1
hsa-mir-185,Melanoma,-1,1
hsa-mir-130a,"Muscular Dystrophies, Limb-Girdle",1,1
hsa-mir-130a,Distal Myopathies,1,1
hsa-mir-130a,"Myopathies, Nemaline",1,1
hsa-mir-130a,Polymyositis,1,1
hsa-mir-130b,Precursor Cell Lymphoblastic Leukemia-Lymphoma,1,1
hsa-mir-130b,"Leukemia, Myeloid, Acute",-1,1
hsa-mir-130b,Adenocarcinoma,-1,1
hsa-mir-132,Huntington Disease,-1,1
hsa-mir-132,"Leukemia, Lymphocytic, Chronic, B-Cell",1,1
hsa-mir-132,Colorectal Neoplasms,1,1
hsa-mir-302c,Melanoma,-1,1
hsa-mir-302d,"Leukemia, Myeloid, Acute",-1,1
hsa-mir-302d,Melanoma,-1,1
hsa-mir-302d,Testicular Neoplasms,1,1
hsa-mir-30a,"Carcinoma, Hepatocellular",-1,1
hsa-mir-30a,Leiomyoma,1,1
hsa-mir-30a-3p,"Leukemia, Myeloid, Acute",-1,1
hsa-mir-30a-3p,Cardiomegaly,-1,1
hsa-mir-30a-3p,Colorectal Neoplasms,1,1
hsa-mir-30a-3p,Colorectal Neoplasms,-1,1
hsa-mir-30a-3p,Dermatomyositis,-1,1
hsa-mir-30a-3p,"Muscular Dystrophy, Duchenne",-1,1
hsa-mir-30a-3p,"Muscular Dystrophies, Limb-Girdle",-1,1
hsa-mir-30a-3p,Distal Myopathies,-1,1
hsa-mir-30a-3p,"Myopathies, Nemaline",-1,1
hsa-mir-30a-3p,Polymyositis,-1,1
hsa-mir-30a-5p,"Thyroid Carcinoma, Anaplastic",-1,1
hsa-mir-30a-5p,Cardiomegaly,-1,1
hsa-mir-30a-5p,"Muscular Dystrophy, Duchenne",-1,1
hsa-mir-30a-5p,Lung Neoplasms,-1,1
hsa-mir-200b,Neoplasms,-1,1
hsa-mir-30a-5p,Colorectal Neoplasms,1,1
hsa-mir-30d,"Liver Cirrhosis, Biliary",-1,1
hsa-mir-30e,"Carcinoma, Hepatocellular",-1,1
hsa-mir-30e,Cardiomegaly,-1,1
hsa-mir-30e,Cardiomegaly,-1,1
hsa-mir-30e-5p,"Muscular Dystrophy, Duchenne",-1,1
hsa-mir-30e-5p,Squamous Cell Carcinoma of Head and Neck,-1,1
hsa-mir-30e-5p,Squamous Cell Carcinoma of Head and Neck,-1,1
hsa-mir-30e-5p,Ovarian Neoplasms,1,1
hsa-mir-30e-5p,Psoriasis,1,1
hsa-mir-31,Cardiomegaly,1,1
hsa-mir-31,Colorectal Neoplasms,1,1
hsa-mir-31,Colorectal Neoplasms,1,1
hsa-mir-31,Squamous Cell Carcinoma of Head and Neck,1,1
hsa-mir-31,"Carcinoma, Hepatocellular",1,1
hsa-mir-31,Squamous Cell Carcinoma of Head and Neck,1,1
hsa-mir-31,Psoriasis,1,1
hsa-mir-32,Colorectal Neoplasms,1,1
hsa-mir-19a,"Thyroid Carcinoma, Anaplastic",1,1
hsa-mir-19a,"Hamartoma Syndrome, Multiple",1,1
hsa-mir-19a,Lung Neoplasms,1,1
hsa-mir-19a,"Leukemia, Lymphocytic, Chronic, B-Cell",1,1
hsa-mir-19a,Colorectal Neoplasms,1,1
hsa-mir-19a,Squamous Cell Carcinoma of Head and Neck,-1,1
hsa-mir-19a,Lymphoma,1,1
hsa-mir-19a,Melanoma,1,1
hsa-mir-19b,Lymphoma,1,1
hsa-mir-19b,Prostatic Neoplasms,-1,1
hsa-mir-200a,Ovarian Neoplasms,1,1
hsa-mir-200a,Breast Neoplasms,-1,1
hsa-mir-200a,Neoplasms,-1,1
hsa-mir-200a,"Carcinoma, Ovarian Epithelial",1,1
hsa-mir-200a,Squamous Cell Carcinoma of Head and Neck,1,1
hsa-mir-200a,"Carcinoma, Hepatocellular",-1,1
hsa-mir-200a,Melanoma,-1,1
hsa-mir-200a,Ovarian Neoplasms,-1,1
hsa-mir-200a,Psoriasis,1,1
hsa-mir-200b,Ovarian Neoplasms,1,1
hsa-mir-200b,Breast Neoplasms,-1,1
hsa-mir-200b,Cholangiocarcinoma,1,1
hsa-mir-25,Colorectal Neoplasms,-1,1
hsa-mir-25,Stomach Neoplasms,1,1
hsa-mir-25,Glioblastoma,1,1
hsa-mir-25,Pancreatic Neoplasms,1,1
hsa-mir-25,Prostatic Neoplasms,1,1
hsa-mir-26a,"Thyroid Carcinoma, Anaplastic",-1,1
hsa-mir-26a,Precursor Cell Lymphoblastic Leukemia-Lymphoma,-1,1
hsa-mir-204,Melanoma,-1,1
hsa-mir-206,Breast Neoplasms,-1,1
hsa-let-7a,Melanoma,-1,1
hsa-mir-136,Pituitary Neoplasms,-1,1
hsa-mir-424,Precursor Cell Lymphoblastic Leukemia-Lymphoma,-1,1
hsa-mir-9,Alzheimer Disease,-1,1
hsa-mir-200b,"Carcinoma, Ovarian Epithelial",1,1
hsa-mir-26a,"Leukemia, Myeloid, Acute",1,1
hsa-mir-30a-5p,Ovarian Neoplasms,1,1
hsa-mir-32,Lung Neoplasms,-1,1
hsa-mir-373,Squamous Cell Carcinoma of Head and Neck,1,1
hsa-mir-125b,Melanoma,-1,1
hsa-mir-324-5p,Medulloblastoma,-1,1
hsa-mir-23a,Lupus Nephritis,1,1
hsa-mir-30d,"Leukemia, Lymphocytic, Chronic, B-Cell",-1,1
hsa-mir-200b,"Carcinoma, Hepatocellular",-1,1
hsa-mir-144,Thalassemia,-1,1
hsa-mir-142-3p,Endometriosis,-1,1
hsa-mir-19a,Medulloblastoma,1,1
hsa-mir-223,"Leukemia, Lymphocytic, Chronic, B-Cell",-1,1
hsa-mir-17-5p,"Lymphoma, Large B-Cell, Diffuse",1,1
hsa-mir-222,Prostatic Neoplasms,1,1
hsa-mir-19a,Medulloblastoma,1,1
hsa-mir-10b,Glioma,1,1
hsa-mir-152,"Carcinoma, Hepatocellular",-1,1
hsa-mir-30a-5p,Prostatic Neoplasms,-1,1
hsa-mir-30b,Cardiomegaly,-1,1
hsa-mir-30b,"Muscular Dystrophy, Duchenne",-1,1
hsa-mir-30b,Squamous Cell Carcinoma of Head and Neck,1,1
hsa-mir-30b,Melanoma,-1,1
hsa-mir-30b,"Myopathies, Nemaline",1,1
hsa-mir-30b,Prostatic Neoplasms,-1,1
hsa-mir-30c,Cardiomegaly,-1,1
hsa-mir-30c,Colorectal Neoplasms,1,1
hsa-mir-30c,Colorectal Neoplasms,-1,1
hsa-mir-30c,"Muscular Dystrophy, Duchenne",-1,1
hsa-mir-30c,Distal Myopathies,-1,1
hsa-mir-30c,Pancreatic Neoplasms,1,1
hsa-mir-30c,Prostatic Neoplasms,1,1
hsa-mir-30c,Prostatic Neoplasms,-1,1
hsa-mir-30c,Prostatic Neoplasms,1,1
hsa-mir-30c,Psoriasis,-1,1
hsa-mir-30d,"Leukemia, Myeloid, Acute",1,1
hsa-mir-30d,"Thyroid Carcinoma, Anaplastic",-1,1
hsa-mir-30d,Cardiomegaly,-1,1
hsa-mir-30d,"Muscular Dystrophy, Duchenne",-1,1
hsa-mir-101,Glioblastoma,-1,1
hsa-mir-15a,"Carcinoma, Hepatocellular",-1,1
hsa-mir-16,Squamous Cell Carcinoma of Head and Neck,-1,1
hsa-mir-16,"Carcinoma, Hepatocellular",1,1
hsa-mir-17-5p,"Hypertension, Pulmonary",1,1
hsa-mir-17-5p,"Carcinoma, Hepatocellular",1,1
hsa-mir-182,Lung Neoplasms,1,1
hsa-mir-183,Lung Neoplasms,1,1
hsa-mir-184,Adrenocortical Carcinoma,1,1
hsa-mir-185,"Carcinoma, Hepatocellular",-1,1
hsa-mir-194,"Carcinoma, Hepatocellular",-1,1
hsa-mir-195,"Carcinoma, Hepatocellular",-1,1
hsa-mir-195,Bladder Neoplasms,-1,1
hsa-mir-195,"Carcinoma, Hepatocellular",-1,1
hsa-mir-373,Testicular Neoplasms,1,1
hsa-mir-375,Pancreatic Neoplasms,-1,1
hsa-mir-375,Adenocarcinoma,-1,1
hsa-mir-376a,"Carcinoma, Ovarian Epithelial",-1,1
hsa-mir-376a,"Muscular Dystrophy, Duchenne",1,1
hsa-mir-376a,"Muscular Dystrophies, Limb-Girdle",1,1
hsa-mir-376a,Distal Myopathies,1,1
hsa-mir-376a,"Myopathies, Nemaline",1,1
hsa-mir-376a,Pancreatic Neoplasms,1,1
hsa-mir-376b,"Carcinoma, Ovarian Epithelial",-1,1
hsa-mir-376b,Leiomyoma,1,1
hsa-mir-377,"Carcinoma, Ovarian Epithelial",-1,1
hsa-mir-377,Leiomyoma,1,1
hsa-mir-378,Cardiomegaly,-1,1
hsa-mir-222,"Muscular Dystrophy, Duchenne",1,1
hsa-mir-222,"Muscular Dystrophy, Facioscapulohumeral",1,1
hsa-mir-222,Glioblastoma,1,1
hsa-mir-222,"Carcinoma, Hepatocellular",1,1
hsa-mir-222,"Carcinoma, Hepatocellular",1,1
hsa-mir-1,Coronary Artery Disease,1,1
hsa-mir-1,"Carcinoma, Hepatocellular",-1,1
hsa-mir-1,Retinitis Pigmentosa,-1,1
hsa-mir-193b,"Muscular Dystrophy, Duchenne",-1,1
hsa-mir-193b,Eye Neoplasms,1,1
hsa-mir-194,"Carcinoma, Hepatocellular",-1,1
hsa-mir-194,Cardiomegaly,-1,1
hsa-mir-194,"Pancreatitis, Chronic",1,1
hsa-mir-195,"Leukemia, Lymphocytic, Chronic, B-Cell",1,1
hsa-mir-195,Cardiomegaly,1,1
hsa-mir-195,"Leukemia, Myeloid, Acute",1,1
hsa-mir-195,Cardiomegaly,1,1
hsa-mir-195,"Pancreatitis, Chronic",1,1
hsa-mir-195,Squamous Cell Carcinoma of Head and Neck,-1,1
hsa-mir-195,Heart Failure,1,1
hsa-mir-195,"Carcinoma, Hepatocellular",-1,1
hsa-mir-195,"Carcinoma, Hepatocellular",-1,1
hsa-mir-195,Ovarian Neoplasms,-1,1
hsa-mir-195,Prostatic Neoplasms,1,1
hsa-mir-20a,"Hypertension, Pulmonary",1,1
hsa-mir-218,Prostatic Neoplasms,1,1
hsa-mir-200a,Meningioma,-1,1
hsa-mir-200c,Kidney Neoplasms,-1,1
hsa-mir-200c,Breast Neoplasms,-1,1
hsa-mir-203,Pancreatic Neoplasms,1,1
hsa-mir-204,Lung Neoplasms,-1,1
hsa-mir-205,Prostatic Neoplasms,-1,1
hsa-mir-29c,Kidney Neoplasms,1,1
hsa-mir-29c,"Leukemia, Lymphocytic, Chronic, B-Cell",-1,1
hsa-mir-29c,Neuroblastoma,-1,1
hsa-mir-30a-3p,Lung Neoplasms,-1,1
hsa-mir-30e-3p,Lung Neoplasms,-1,1
hsa-mir-30e-5p,Lung Neoplasms,-1,1
hsa-mir-31,Prostatic Neoplasms,-1,1
hsa-mir-324-3p,Lung Neoplasms,-1,1
hsa-mir-324-5p,Lung Neoplasms,1,1
hsa-mir-335,Lung Neoplasms,-1,1
hsa-mir-340,Kidney Neoplasms,1,1
hsa-mir-342-3p,Kidney Neoplasms,1,1
hsa-mir-342-3p,Prion Diseases,1,1
hsa-mir-221,Coronary Artery Disease,1,1
hsa-mir-221,Squamous Cell Carcinoma of Head and Neck,1,1
hsa-mir-222,"Carcinoma, Squamous Cell",-1,1
hsa-mir-222,Coronary Artery Disease,1,1
hsa-mir-222,"Carcinoma, Hepatocellular",1,1
hsa-mir-224,"Carcinoma, Hepatocellular",1,1
hsa-mir-23b,"Carcinoma, Hepatocellular",-1,1
hsa-mir-24,"Carcinoma, Hepatocellular",1,1
hsa-mir-25,"Carcinoma, Hepatocellular",hepatocellular carcinoma (HCC),1
hsa-mir-25,"Carcinoma, Hepatocellular",1,1
hsa-mir-26a,"Carcinoma, Hepatocellular",-1,1
hsa-mir-26a,Squamous Cell Carcinoma of Head and Neck,-1,1
hsa-mir-26a,Bladder Neoplasms,-1,1
hsa-mir-26a,Glioma,1,1
hsa-mir-27a,"Carcinoma, Hepatocellular",-1,1
hsa-mir-29a,Squamous Cell Carcinoma of Head and Neck,-1,1
hsa-mir-29c,Bladder Neoplasms,-1,1
hsa-mir-30c,Bladder Neoplasms,-1,1
hsa-mir-30e-5p,Bladder Neoplasms,-1,1
hsa-mir-31,Breast Neoplasms,-1,1
hsa-mir-373,Esophageal Neoplasms,1,1
hsa-mir-429,Ovarian Neoplasms,-1,1
hsa-mir-483-3p,"Mesothelioma, Malignant",1,1
hsa-mir-595,"Mesothelioma, Malignant",1,1
hsa-mir-503,Adrenocortical Carcinoma,1,1
hsa-mir-512-5p,Stomach Neoplasms,-1,1
hsa-mir-615-3p,"Mesothelioma, Malignant",1,1
hsa-mir-885-3p,"Mesothelioma, Malignant",1,1
hsa-mir-9,"Mesothelioma, Malignant",-1,1
hsa-mir-92a,"Leukemia, Myeloid, Acute",-1,1
hsa-mir-93,"Carcinoma, Hepatocellular",1,1
hsa-mir-143,Lung Neoplasms,-1,1
hsa-mir-143,Colorectal Neoplasms,-1,1
hsa-mir-145,Prostatic Neoplasms,-1,1
hsa-mir-150,Kidney Neoplasms,-1,1
hsa-mir-151-5p,Kidney Neoplasms,1,1
hsa-mir-15a,Kidney Neoplasms,1,1
hsa-mir-153,Glioblastoma,-1,1
hsa-mir-15a,"Carcinoma, Non-Small-Cell Lung",-1,1
hsa-mir-16,"Carcinoma, Non-Small-Cell Lung",-1,1
hsa-mir-16,Lung Neoplasms,-1,1
hsa-mir-16,Prostatic Neoplasms,-1,1
hsa-mir-17,Kidney Neoplasms,1,1
hsa-mir-185,"Carcinoma, Non-Small-Cell Lung",-1,1
hsa-mir-193b,Breast Neoplasms,-1,1
hsa-mir-195,Breast Neoplasms,1,1
hsa-mir-195,Lung Neoplasms,-1,1
hsa-mir-197,Lung Neoplasms,1,1
hsa-mir-19b,Kidney Neoplasms,1,1
hsa-mir-200b,Kidney Neoplasms,-1,1
hsa-mir-9,Ovarian Neoplasms,-1,1
hsa-mir-9,"Carcinoma, Hepatocellular",1,1
hsa-mir-9,Lung Neoplasms,1,1
hsa-mir-93,Lung Neoplasms,1,1
hsa-mir-96,Breast Neoplasms,1,1
hsa-mir-96,Multiple Sclerosis,1,1
hsa-mir-96,Prostatic Neoplasms,1,1
hsa-mir-98,Lung Neoplasms,1,1
hsa-let-7c,Lung Neoplasms,-1,1
hsa-mir-1,Heart Failure,-1,1
hsa-mir-1,Rhabdomyosarcoma,-1,1
hsa-mir-1,Rhabdomyosarcoma,-1,1
hsa-mir-101,Lung Neoplasms,-1,1
hsa-mir-101,Kidney Neoplasms,1,1
hsa-mir-106a,Kidney Neoplasms,1,1
hsa-mir-106b,Kidney Neoplasms,1,1
hsa-mir-17-5p,Lung Neoplasms,1,1
hsa-mir-181a,"Leukemia, Lymphocytic, Chronic, B-Cell",-1,1
hsa-mir-181a,"Leukemia, Lymphocytic, Chronic, B-Cell",-1,1
hsa-mir-181b,Prostatic Neoplasms,-1,1
hsa-mir-182,Breast Neoplasms,1,1
hsa-mir-182,Kidney Neoplasms,-1,1
hsa-mir-181b,"Leukemia, Lymphocytic, Chronic, B-Cell",-1,1
hsa-mir-181c,"Carcinoma, Hepatocellular",1,1
hsa-mir-27a,Breast Neoplasms,1,1
hsa-mir-27a,"Carcinoma, Hepatocellular",1,1
hsa-mir-133b,Bladder Neoplasms,-1,1
hsa-mir-137,Colorectal Neoplasms,-1,1
hsa-mir-138,Squamous Cell Carcinoma of Head and Neck,-1,1
hsa-mir-143,"Leukemia, T-Cell",-1,1
hsa-mir-143,Squamous Cell Carcinoma of Head and Neck,-1,1
hsa-mir-143,Stomach Neoplasms,-1,1
hsa-mir-143,"Carcinoma, Hepatocellular",-1,1
hsa-mir-143,"Carcinoma, Hepatocellular",1,1
hsa-mir-145,Colorectal Neoplasms,-1,1
hsa-mir-145,Vascular Diseases,-1,1
hsa-mir-145,Bladder Neoplasms,-1,1
hsa-mir-145,Squamous Cell Carcinoma of Head and Neck,-1,1
hsa-mir-145,Stomach Neoplasms,-1,1
hsa-mir-145,"Carcinoma, Hepatocellular",-1,1
hsa-mir-145,Bladder Neoplasms,-1,1
hsa-mir-200b,"Carcinoma, Hepatocellular",-1,1
hsa-mir-200b,Melanoma,-1,1
hsa-mir-200b,Squamous Cell Carcinoma of Head and Neck,-1,1
hsa-mir-200c,Colorectal Neoplasms,1,1
hsa-mir-200c,Breast Neoplasms,-1,1
hsa-mir-200c,Neoplasms,-1,1
hsa-mir-200c,Neoplasms,-1,1
hsa-mir-200c,Colorectal Neoplasms,-1,1
hsa-mir-200c,"Carcinoma, Ovarian Epithelial",1,1
hsa-mir-200c,Melanoma,1,1
hsa-mir-200c,Squamous Cell Carcinoma of Head and Neck,-1,1
hsa-mir-200c,Testicular Neoplasms,1,1
hsa-mir-203,Precursor Cell Lymphoblastic Leukemia-Lymphoma,-1,1
hsa-mir-203,"Leukemia, Myelogenous, Chronic, BCR-ABL Positive",-1,1
hsa-mir-203,Psoriasis,1,1
hsa-mir-203,Skin Diseases,1,1
hsa-mir-203,Bladder Neoplasms,1,1
hsa-mir-203,Breast Neoplasms,1,1
hsa-mir-203,Colorectal Neoplasms,1,1
hsa-mir-203,Esophageal Neoplasms,-1,1
hsa-mir-203,Lung Neoplasms,1,1
hsa-mir-203,Squamous Cell Carcinoma of Head and Neck,-1,1
hsa-mir-26a,"Leukemia, Myeloid, Acute",-1,1
hsa-mir-26a,Cardiomegaly,-1,1
hsa-mir-26a,Colorectal Neoplasms,1,1
hsa-mir-26a,"Muscular Dystrophy, Duchenne",-1,1
hsa-mir-26a,"Carcinoma, Ovarian Epithelial",1,1
hsa-mir-26a,Pituitary Neoplasms,1,1
hsa-mir-26a,"Liver Cirrhosis, Biliary",-1,1
hsa-mir-26a,Prostatic Neoplasms,-1,1
hsa-mir-26a,Prostatic Neoplasms,1,1
hsa-mir-26a,Ovarian Neoplasms,-1,1
hsa-mir-26b,Alzheimer Disease,-1,1
hsa-mir-26b,Bladder Neoplasms,1,1
hsa-mir-26b,Cardiomegaly,-1,1
hsa-mir-26b,"Carcinoma, Ovarian Epithelial",1,1
hsa-mir-26b,Squamous Cell Carcinoma of Head and Neck,-1,1
hsa-mir-26b,Pituitary Neoplasms,1,1
hsa-mir-26b,Prostatic Neoplasms,-1,1
hsa-mir-27a,Precursor Cell Lymphoblastic Leukemia-Lymphoma,-1,1
hsa-mir-27a,"Leukemia, Myeloid, Acute",1,1
hsa-mir-32,Pancreatic Neoplasms,1,1
hsa-mir-32,Prostatic Neoplasms,1,1
hsa-mir-32,Leiomyoma,-1,1
hsa-mir-324-3p,"Liver Cirrhosis, Biliary",-1,1
hsa-mir-324-5p,"Leukemia, Myeloid, Acute",1,1
hsa-mir-324-5p,"Carcinoma, Hepatocellular",1,1
hsa-mir-324-5p,Melanoma,1,1
hsa-mir-325,"Leukemia, Myeloid, Acute",-1,1
hsa-mir-326,"Leukemia, Myeloid, Acute",1,1
hsa-mir-326,"Liver Cirrhosis, Biliary",-1,1
hsa-mir-326,Psoriasis,-1,1
hsa-mir-325,Melanoma,-1,1
hsa-mir-125b,Neuroblastoma,-1,1
hsa-mir-125b,"Carcinoma, Non-Small-Cell Lung",1,1
hsa-mir-125b,Prostatic Neoplasms,-1,1
hsa-mir-125b,Prostatic Neoplasms,1,1
hsa-mir-125b,Psoriasis,-1,1
hsa-mir-125b,Ovarian Neoplasms,-1,1
hsa-mir-125b,Leiomyoma,1,1
hsa-mir-125b,Vascular Diseases,-1,1
hsa-mir-146a,"Thyroid Cancer, Papillary",-1,1
hsa-mir-146a,"Carcinoma, Hepatocellular",-1,1
hsa-mir-146a,Adenocarcinoma,1,1
hsa-mir-146a,Vascular Diseases,1,1
hsa-mir-125b,Bladder Neoplasms,-1,1
hsa-mir-125b,Squamous Cell Carcinoma of Head and Neck,-1,1
hsa-mir-125b,Squamous Cell Carcinoma of Head and Neck,-1,1
hsa-mir-125b,"Carcinoma, Hepatocellular",-1,1
hsa-mir-125b,Prostatic Neoplasms,1,1
hsa-mir-128b,"Carcinoma, Hepatocellular",1,1
hsa-mir-17-3p,Melanoma,-1,1
hsa-mir-17-5p,Colorectal Neoplasms,-1,1
hsa-mir-17-5p,"Thyroid Carcinoma, Anaplastic",1,1
hsa-mir-17-5p,Breast Neoplasms,-1,1
hsa-mir-17-5p,"Leukemia, Myelogenous, Chronic, BCR-ABL Positive",-1,1
hsa-mir-17-5p,Lung Neoplasms,1,1
hsa-mir-17-5p,"Lymphoma, Large B-Cell, Diffuse",1,1
hsa-mir-17-5p,Bladder Neoplasms,1,1
hsa-mir-17-5p,Breast Neoplasms,1,1
hsa-mir-17-5p,Colorectal Neoplasms,1,1
hsa-mir-17-5p,"Lymphoma, Large B-Cell, Diffuse",1,1
hsa-mir-17-5p,"Carcinoma, Hepatocellular",1,1
hsa-mir-17-5p,Lung Neoplasms,1,1
hsa-mir-17-5p,Lymphoma,1,1
hsa-mir-17-5p,Neuroblastoma,1,1
hsa-mir-17-5p,Pancreatic Neoplasms,1,1
hsa-mir-17-5p,"Liver Cirrhosis, Biliary",-1,1
hsa-mir-17-5p,Prostatic Neoplasms,1,1
hsa-mir-101,Alzheimer Disease,-1,1
hsa-mir-101,"Leukemia, Lymphocytic, Chronic, B-Cell",1,1
hsa-mir-101,"Muscular Dystrophy, Duchenne",-1,1
hsa-mir-101,"Carcinoma, Ovarian Epithelial",-1,1
hsa-mir-101,Squamous Cell Carcinoma of Head and Neck,-1,1
hsa-mir-20a,"Carcinoma, Hepatocellular",1,1
hsa-mir-146a,Alzheimer Disease,1,1
hsa-mir-148b,Squamous Cell Carcinoma of Head and Neck,-1,1
hsa-mir-203,Squamous Cell Carcinoma of Head and Neck,-1,1
hsa-mir-203,Adenocarcinoma,1,1
hsa-mir-214,Adrenocortical Carcinoma,-1,1
hsa-mir-22,Breast Neoplasms,1,1
hsa-mir-221,Glioma,1,1
hsa-mir-221,"Carcinoma, Hepatocellular",1,1
hsa-mir-222,Glioma,1,1
hsa-mir-186,"Carcinoma, Hepatocellular",1,1
hsa-mir-1,Myeloproliferative Disorders,-1,1
hsa-mir-107,Pancreatic Neoplasms,1,1
hsa-mir-107,"Carcinoma, Hepatocellular",1,1
hsa-mir-130a,"Carcinoma, Hepatocellular",1,1
hsa-mir-200a,"Carcinoma, Hepatocellular",-1,1
hsa-mir-200a,Ovarian Neoplasms,-1,1
hsa-mir-200b,Ovarian Neoplasms,-1,1
hsa-mir-200b,Squamous Cell Carcinoma of Head and Neck,1,1
hsa-mir-200c,Breast Neoplasms,1,1
hsa-mir-200c,Endometrial Neoplasms,1,1
hsa-mir-200c,Ovarian Neoplasms,1,1
hsa-mir-203,"Mesothelioma, Malignant",-1,1
hsa-mir-205,"Carcinoma, Hepatocellular",1,1
hsa-mir-147,"Leukemia, Myeloid, Acute",-1,1
hsa-mir-147,"Carcinoma, Ovarian Epithelial",-1,1
hsa-mir-148a,"Carcinoma, Hepatocellular",-1,1
hsa-mir-148a,Asthma,normal,1
hsa-mir-148a,Breast Neoplasms,-1,1
hsa-mir-148a,Breast Neoplasms,-1,1
hsa-mir-148a,Dermatomyositis,1,1
hsa-mir-148a,"Muscular Dystrophy, Duchenne",1,1
hsa-mir-148a,Squamous Cell Carcinoma of Head and Neck,1,1
hsa-mir-148a,"Muscular Dystrophies, Limb-Girdle",1,1
hsa-mir-148a,Distal Myopathies,1,1
hsa-mir-148a,"Myopathies, Nemaline",1,1
hsa-mir-148a,Squamous Cell Carcinoma of Head and Neck,-1,1
hsa-mir-148a,Pancreatic Neoplasms,-1,1
hsa-mir-1,Cardiomyopathies,-1,1
hsa-mir-221,Stomach Neoplasms,1,1
hsa-mir-222,Stomach Neoplasms,1,1
hsa-mir-25,Stomach Neoplasms,1,1
hsa-mir-26a,"Liver Cirrhosis, Biliary",-1,1
hsa-mir-299-5p,"Liver Cirrhosis, Biliary",1,1
hsa-mir-31,Colorectal Neoplasms,1,1
hsa-mir-328,Breast Neoplasms,1,1
hsa-mir-375,Squamous Cell Carcinoma of Head and Neck,1,1
hsa-mir-449a,Prostatic Neoplasms,-1,1
hsa-mir-451,Stomach Neoplasms,-1,1
hsa-mir-451,Colorectal Neoplasms,-1,1
hsa-mir-7,Lung Neoplasms,-1,1
hsa-mir-7,Breast Neoplasms,-1,1
hsa-mir-7,Glioblastoma,-1,1
hsa-mir-96,Hearing Loss,normal,1
hsa-mir-105,"Carcinoma, Ovarian Epithelial",-1,1
hsa-mir-105,Melanoma,-1,1
hsa-mir-106a,Colorectal Neoplasms,-1,1
hsa-mir-106a,Lung Neoplasms,1,1
hsa-mir-106a,"Leukemia, T-Cell",1,1
hsa-mir-106a,Colorectal Neoplasms,1,1
hsa-mir-424,"Leukemia, Myeloid, Acute",1,1
hsa-mir-424,Cardiomegaly,1,1
hsa-mir-424,Squamous Cell Carcinoma of Head and Neck,-1,1
hsa-mir-424,Ovarian Neoplasms,-1,1
hsa-mir-424,Pancreatic Neoplasms,1,1
hsa-mir-429,Breast Neoplasms,-1,1
hsa-mir-429,Neoplasms,-1,1
hsa-mir-432,"Carcinoma, Ovarian Epithelial",-1,1
hsa-mir-432,"Muscular Dystrophy, Duchenne",1,1
hsa-mir-432,"Muscular Dystrophies, Limb-Girdle",1,1
hsa-mir-432,Distal Myopathies,1,1
hsa-mir-432,"Myopathies, Nemaline",1,1
hsa-mir-451,Breast Neoplasms,-1,1
hsa-mir-451,Precursor Cell Lymphoblastic Leukemia-Lymphoma,-1,1
hsa-mir-451,"Leukemia, Myeloid, Acute",1,1
hsa-mir-451,Cardiomegaly,-1,1
hsa-mir-451,"Liver Cirrhosis, Biliary",1,1
hsa-mir-451,Leiomyoma,-1,1
hsa-mir-452,Dermatomyositis,1,1
hsa-mir-126-5p,Cardiomegaly,-1,1
hsa-mir-9,"Carcinoma, Ovarian Epithelial",-1,1
hsa-mir-9,"Lymphoma, Follicular",1,1
hsa-mir-9,"Carcinoma, Hepatocellular",1,1
hsa-mir-9,Lung Neoplasms,-1,1
hsa-mir-9,Melanoma,-1,1
hsa-mir-9,Neuroblastoma,-1,1
hsa-mir-9,"Carcinoma, Non-Small-Cell Lung",-1,1
hsa-mir-141,Melanoma,-1,1
hsa-mir-141,Adenocarcinoma,-1,1
hsa-mir-16,"Carcinoma, Hepatocellular",1,1
hsa-mir-17-5p,Colorectal Neoplasms,1,1
hsa-mir-93,Stomach Neoplasms,1,1
hsa-mir-17,Medulloblastoma,1,1
hsa-mir-19b,Medulloblastoma,1,1
hsa-mir-20a,Medulloblastoma,1,1
hsa-mir-92a,Medulloblastoma,1,1
hsa-let-7a,"Carcinoma, Hepatocellular",-1,1
hsa-let-7c,Prostatic Neoplasms,1,1
hsa-mir-106b,"Carcinoma, Hepatocellular",1,1
hsa-mir-141,Ovarian Neoplasms,1,1
hsa-mir-141,Breast Neoplasms,-1,1
hsa-mir-141,Neoplasms,-1,1
hsa-mir-141,Neoplasms,-1,1
hsa-mir-141,Cholangiocarcinoma,1,1
hsa-mir-141,"Leukemia, Lymphocytic, Chronic, B-Cell",1,1
hsa-mir-141,"Carcinoma, Ovarian Epithelial",1,1
hsa-mir-141,Squamous Cell Carcinoma of Head and Neck,-1,1
hsa-mir-141,"Carcinoma, Hepatocellular",-1,1
hsa-mir-141,Prostatic Neoplasms,-1,1
hsa-mir-141,Psoriasis,1,1
hsa-mir-142-3p,"Carcinoma, Hepatocellular",-1,1
hsa-mir-142-3p,Ovarian Neoplasms,1,1
hsa-mir-223,Endometriosis,1,1
hsa-mir-23b,Neuroblastoma,1,1
hsa-mir-27a,Stomach Neoplasms,1,1
hsa-mir-298,Alzheimer Disease,-1,1
hsa-mir-29b,"Leukemia, Myeloid, Acute",-1,1
hsa-mir-29c,"Leukemia, Lymphocytic, Chronic, B-Cell",-1,1
hsa-mir-29c,Squamous Cell Carcinoma of Head and Neck,1,1
hsa-mir-29c,Endometriosis,1,1
hsa-mir-31,Bladder Neoplasms,-1,1
hsa-mir-328,Alzheimer Disease,-1,1
hsa-mir-365,Endometriosis,1,1
hsa-mir-377,Diabetic Nephropathies,1,1
hsa-mir-424,Endometriosis,-1,1
hsa-mir-494,Waldenstrom Macroglobulinemia,1,1
hsa-mir-494,Squamous Cell Carcinoma of Head and Neck,-1,1
hsa-mir-542-3p,Waldenstrom Macroglobulinemia,1,1
hsa-mir-9,Medulloblastoma,-1,1
hsa-mir-145,Lung Neoplasms,-1,1
hsa-mir-27a,"Leukemia, Myeloid, Acute",1,1
hsa-mir-328,"Leukemia, Myeloid, Acute",1,1
hsa-mir-17-5p,Psoriasis,1,1
hsa-mir-328,"Liver Cirrhosis, Biliary",1,1
hsa-mir-532-5p,Melanoma,1,1
hsa-let-7d,Squamous Cell Carcinoma of Head and Neck,-1,1
hsa-mir-101,Bladder Neoplasms,-1,1
hsa-mir-101,Prostatic Neoplasms,-1,1
hsa-mir-106b,Alzheimer Disease,-1,1
hsa-mir-106b,Stomach Neoplasms,1,1
hsa-mir-141,Stomach Neoplasms,-1,1
hsa-mir-143,Colorectal Neoplasms,-1,1
hsa-mir-145,Colorectal Neoplasms,-1,1
hsa-mir-221,Melanoma,1,1
hsa-mir-222,Bladder Neoplasms,1,1
hsa-mir-452,Bladder Neoplasms,1,1
hsa-mir-7,Bladder Neoplasms,1,1
hsa-mir-9,Huntington Disease,-1,1
hsa-mir-183,Colorectal Neoplasms,1,1
hsa-mir-199b-5p,Medulloblastoma,-1,1
hsa-mir-205,Breast Neoplasms,-1,1
hsa-mir-205,Squamous Cell Carcinoma of Head and Neck,-1,1
hsa-mir-20a,Colorectal Neoplasms,1,1
hsa-mir-221,Prostatic Neoplasms,1,1
hsa-mir-221,Squamous Cell Carcinoma of Head and Neck,1,1
hsa-mir-27a,Cardiomegaly,1,1
hsa-mir-27a,Cardiomegaly,1,1
hsa-mir-27a,Colorectal Neoplasms,-1,1
hsa-mir-27a,Melanoma,-1,1
hsa-mir-27a,Squamous Cell Carcinoma of Head and Neck,-1,1
hsa-mir-27a,Prostatic Neoplasms,-1,1
hsa-mir-27a,Prostatic Neoplasms,1,1
hsa-mir-27a,Ovarian Neoplasms,1,1
hsa-mir-27a,Leiomyoma,1,1
hsa-mir-27b,Precursor Cell Lymphoblastic Leukemia-Lymphoma,-1,1
hsa-mir-27b,"Leukemia, Myeloid, Acute",1,1
hsa-mir-27b,Cardiomegaly,1,1
hsa-mir-27b,Cardiomegaly,1,1
hsa-mir-27b,Colorectal Neoplasms,-1,1
hsa-mir-27b,Lung Neoplasms,-1,1
hsa-mir-27b,Squamous Cell Carcinoma of Head and Neck,-1,1
hsa-mir-27b,Prostatic Neoplasms,-1,1
hsa-mir-27b,Prostatic Neoplasms,1,1
hsa-mir-328,Colorectal Neoplasms,-1,1
hsa-mir-328,"Lymphoma, Large B-Cell, Diffuse",-1,1
hsa-mir-328,Glioblastoma,-1,1
hsa-mir-328,"Liver Cirrhosis, Biliary",-1,1
hsa-mir-335,Breast Neoplasms,-1,1
hsa-mir-335,Precursor Cell Lymphoblastic Leukemia-Lymphoma,-1,1
hsa-mir-335,"Leukemia, Myeloid, Acute",1,1
hsa-mir-335,Dermatomyositis,1,1
hsa-mir-335,"Muscular Dystrophy, Duchenne",1,1
hsa-mir-335,"Muscular Dystrophy, Facioscapulohumeral",1,1
hsa-mir-335,"Muscular Dystrophies, Limb-Girdle",1,1
hsa-mir-1,Endometriosis,1,1
hsa-mir-1,Cardiomegaly,-1,1
hsa-let-7d,"Carcinoma, Hepatocellular",-1,1
hsa-let-7i,Ovarian Neoplasms,-1,1
hsa-mir-1,"Carcinoma, Hepatocellular",-1,1
hsa-mir-101,"Carcinoma, Hepatocellular",-1,1
hsa-mir-101,"Carcinoma, Hepatocellular",-1,1
hsa-mir-101,Prostatic Neoplasms,-1,1
hsa-mir-106a,Stomach Neoplasms,1,1
hsa-mir-106b,"Leukemia, Lymphocytic, Chronic, B-Cell",-1,1
hsa-mir-10a,Bladder Neoplasms,1,1
hsa-mir-10a,"Leukemia, Myelogenous, Chronic, BCR-ABL Positive",-1,1
hsa-mir-125b,Endometriosis,1,1
hsa-mir-141,Kidney Neoplasms,-1,1
hsa-mir-125b,Bladder Neoplasms,1,1
hsa-mir-141,Endometriosis,-1,1
hsa-mir-142-3p,Squamous Cell Carcinoma of Head and Neck,1,1
hsa-mir-143,Bladder Neoplasms,-1,1
hsa-mir-143,Endometriosis,1,1
hsa-mir-143,Colorectal Neoplasms,-1,1
hsa-mir-145,Endometriosis,1,1
hsa-mir-150,Endometriosis,1,1
hsa-mir-15b,Glioma,-1,1
hsa-mir-184,Waldenstrom Macroglobulinemia,1,1
hsa-mir-194,Colorectal Neoplasms,-1,1
hsa-mir-181a,"Leukemia, Myeloid, Acute",1,1
hsa-mir-181a,"Leukemia, Myeloid, Acute",1,1
hsa-mir-181a,"Leukemia, Lymphocytic, Chronic, B-Cell",-1,1
hsa-mir-181a,Colorectal Neoplasms,1,1
hsa-mir-181a,Glioblastoma,-1,1
hsa-mir-181a,Melanoma,1,1
hsa-mir-181a,Pancreatic Neoplasms,1,1
hsa-mir-181a,Pancreatic Neoplasms,1,1
hsa-mir-181a,"Thyroid Cancer, Papillary",1,1
hsa-mir-148a,Prostatic Neoplasms,-1,1
hsa-mir-148b,"Carcinoma, Hepatocellular",-1,1
hsa-mir-22,Prostatic Neoplasms,-1,1
hsa-mir-22,Psoriasis,-1,1
hsa-mir-142-3p,Psoriasis,1,1
hsa-mir-142-5p,"Leukemia, Myeloid, Acute",1,1
hsa-mir-142-5p,"Carcinoma, Hepatocellular",-1,1
hsa-mir-142-5p,Ovarian Neoplasms,-1,1
hsa-mir-143,Burkitt Lymphoma,-1,1
hsa-mir-143,"Leukemia, Lymphocytic, Chronic, B-Cell",-1,1
hsa-mir-143,Colorectal Neoplasms,-1,1
hsa-mir-143,Colorectal Neoplasms,-1,1
hsa-mir-143,"Lymphoma, Large B-Cell, Diffuse",-1,1
hsa-mir-143,Obesity,1,1
hsa-mir-143,Breast Neoplasms,-1,1
hsa-mir-143,Uterine Cervical Neoplasms,-1,1
hsa-mir-143,Colorectal Neoplasms,-1,1
hsa-mir-143,Colorectal Neoplasms,-1,1
hsa-mir-143,"Carcinoma, Ovarian Epithelial",-1,1
hsa-mir-143,"Carcinoma, Hepatocellular",-1,1
hsa-mir-143,Pancreatic Neoplasms,1,1
hsa-mir-143,Adenocarcinoma,1,1
hsa-mir-143,Prostatic Neoplasms,-1,1
hsa-mir-143,Ovarian Neoplasms,-1,1
hsa-mir-143,Eye Neoplasms,1,1
hsa-mir-143,Vascular Diseases,-1,1
hsa-mir-144,Leiomyoma,-1,1
hsa-mir-145,Lung Neoplasms,-1,1
hsa-mir-145,Burkitt Lymphoma,-1,1
hsa-mir-299-3p,"Muscular Dystrophy, Duchenne",1,1
hsa-mir-335,Distal Myopathies,1,1
hsa-mir-106a,"Lymphoma, Large B-Cell, Diffuse",1,1
hsa-mir-130b,"Leukemia, T-Cell",1,1
hsa-mir-200a,Endometriosis,-1,1
hsa-mir-200b,Endometriosis,-1,1
hsa-mir-200c,Kidney Neoplasms,-1,1
hsa-mir-204,Cholangiocarcinoma,-1,1
hsa-mir-205,"Carcinoma, Hepatocellular",-1,1
hsa-mir-205,"Carcinoma, Squamous Cell",1,1
hsa-mir-205,Squamous Cell Carcinoma of Head and Neck,1,1
hsa-mir-206,Waldenstrom Macroglobulinemia,1,1
hsa-mir-20a,Endometriosis,-1,1
hsa-mir-211,"Carcinoma, Ovarian Epithelial",-1,1
hsa-mir-211,Melanoma,-1,1
hsa-mir-212,"Liver Diseases, Alcoholic",1,1
hsa-mir-212,"Carcinoma, Hepatocellular",1,1
hsa-mir-212,Lung Neoplasms,1,1
hsa-mir-212,Nasopharyngeal Carcinoma,-1,1
hsa-mir-212,Pancreatic Neoplasms,1,1
hsa-mir-212,Pituitary Neoplasms,-1,1
hsa-mir-212,"Liver Cirrhosis, Biliary",-1,1
hsa-mir-212,Leiomyoma,-1,1
hsa-mir-144,Melanoma,-1,1
hsa-mir-30a-5p,Lupus Nephritis,1,1
hsa-mir-30d,Lupus Nephritis,-1,1
hsa-mir-324-3p,Lupus Nephritis,-1,1
hsa-mir-324-5p,Lupus Nephritis,1,1
hsa-mir-325,Lupus Nephritis,1,1
hsa-mir-346,Lupus Nephritis,-1,1
hsa-mir-365,Lupus Nephritis,-1,1
hsa-mir-381,Lupus Nephritis,-1,1
hsa-mir-433,Lupus Nephritis,1,1
hsa-mir-484,Lupus Nephritis,-1,1
hsa-mir-494,Lupus Nephritis,1,1
hsa-mir-518b,Lupus Nephritis,-1,1
hsa-mir-557,Lupus Nephritis,-1,1
hsa-mir-575,Lupus Nephritis,1,1
hsa-mir-145,Prostatic Neoplasms,-1,1
hsa-mir-222,"Myositis, Inclusion Body",1,1
hsa-mir-222,"Muscular Dystrophies, Limb-Girdle",1,1
hsa-mir-222,Distal Myopathies,1,1
hsa-mir-222,"Myopathies, Nemaline",1,1
hsa-mir-222,Melanoma,1,1
hsa-let-7a,"Carcinoma, Non-Small-Cell Lung",-1,1
hsa-let-7b,"Carcinoma, Non-Small-Cell Lung",-1,1
hsa-let-7d,"Carcinoma, Non-Small-Cell Lung",-1,1
hsa-let-7g,"Carcinoma, Non-Small-Cell Lung",-1,1
hsa-mir-15a,Polycystic Kidney Diseases,-1,1
hsa-mir-15a,Liver Diseases,-1,1
hsa-mir-145,Prostatic Neoplasms,-1,1
hsa-mir-15a,Prostatic Neoplasms,-1,1
hsa-mir-221,Prostatic Neoplasms,-1,1
hsa-mir-222,Prostatic Neoplasms,-1,1
hsa-mir-302a,Melanoma,-1,1
hsa-mir-302b,Melanoma,-1,1
hsa-mir-221,Melanoma,1,1
hsa-mir-222,Melanoma,1,1
hsa-let-7f,"Colitis, Ulcerative",1,1
hsa-mir-299-3p,"Myopathies, Nemaline",1,1
hsa-mir-299-5p,Dermatomyositis,1,1
hsa-mir-299-5p,"Muscular Dystrophy, Duchenne",1,1
hsa-mir-299-5p,"Muscular Dystrophies, Limb-Girdle",1,1
hsa-mir-299-5p,Distal Myopathies,1,1
hsa-mir-299-5p,"Myopathies, Nemaline",1,1
hsa-mir-29a,Alzheimer Disease,-1,1
hsa-mir-29a,Lung Neoplasms,-1,1
hsa-mir-29a,"Diabetes Mellitus, Type 2",1,1
hsa-mir-29a,Cardiomegaly,-1,1
hsa-mir-29a,Cardiomegaly,-1,1
hsa-mir-29a,"Muscular Dystrophy, Duchenne",-1,1
hsa-mir-29a,"Muscular Dystrophy, Facioscapulohumeral",1,1
hsa-mir-29a,Huntington Disease,1,1
hsa-mir-29a,Ovarian Neoplasms,1,1
hsa-mir-29a,Prostatic Neoplasms,-1,1
hsa-mir-29a,Ovarian Neoplasms,-1,1
hsa-mir-29b,Cholangiocarcinoma,-1,1
hsa-mir-29b,"Leukemia, Lymphocytic, Chronic, B-Cell",-1,1
hsa-mir-29b,"Leukemia, Lymphocytic, Chronic, B-Cell",-1,1
hsa-mir-452,"Muscular Dystrophy, Duchenne",1,1
hsa-mir-452,"Muscular Dystrophies, Limb-Girdle",1,1
hsa-mir-452,"Myopathies, Nemaline",1,1
hsa-mir-485-5p,"Muscular Dystrophy, Duchenne",1,1
hsa-mir-493-3p,"Muscular Dystrophy, Duchenne",1,1
hsa-mir-493-3p,"Muscular Dystrophies, Limb-Girdle",1,1
hsa-mir-493-3p,"Myopathies, Nemaline",1,1
hsa-mir-493-5p,Leiomyoma,1,1
hsa-mir-494,"Pancreatitis, Chronic",1,1
hsa-mir-494,Ovarian Neoplasms,1,1
hsa-mir-494,"Liver Cirrhosis, Biliary",-1,1
hsa-mir-495,"Carcinoma, Ovarian Epithelial",-1,1
hsa-mir-93,Ovarian Neoplasms,1,1
hsa-mir-93,Stomach Neoplasms,1,1
hsa-mir-93,Vesicular Stomatitis,-1,1
hsa-mir-93,Alzheimer Disease,-1,1
hsa-mir-93,"Carcinoma, Hepatocellular",1,1
hsa-mir-93,Neuroblastoma,1,1
hsa-mir-93,Adenocarcinoma,1,1
hsa-mir-96,"Pancreatitis, Chronic",-1,1
hsa-mir-128b,Lung Neoplasms,-1,1
hsa-mir-128b,Precursor Cell Lymphoblastic Leukemia-Lymphoma,1,1
hsa-mir-128b,"Leukemia, Myeloid, Acute",-1,1
hsa-mir-128b,Breast Neoplasms,1,1
hsa-mir-128b,"Pancreatitis, Chronic",1,1
hsa-mir-128b,Colorectal Neoplasms,1,1
hsa-mir-128b,Lung Neoplasms,1,1
hsa-mir-128b,Pancreatic Neoplasms,1,1
hsa-mir-326,Medulloblastoma,-1,1
hsa-mir-335,Multiple Myeloma,1,1
hsa-mir-365,Breast Neoplasms,,1
hsa-mir-492,Retinoblastoma,1,1
hsa-mir-494,Retinoblastoma,1,1
hsa-mir-497,Breast Neoplasms,-1,1
hsa-mir-498,Retinoblastoma,1,1
hsa-mir-503,Retinoblastoma,1,1
hsa-mir-128b,Melanoma,-1,1
hsa-mir-17,"Lymphoma, B-Cell",1,1
hsa-mir-20a,"Lymphoma, B-Cell",1,1
hsa-mir-204,Breast Neoplasms,1,1
hsa-mir-221,Breast Neoplasms,1,1
hsa-mir-221,Breast Neoplasms,1,1
hsa-mir-222,Breast Neoplasms,1,1
hsa-mir-222,Breast Neoplasms,1,1
hsa-mir-510,Breast Neoplasms,1,1
hsa-mir-7,Breast Neoplasms,-1,1
hsa-mir-451,Glioblastoma,-1,1
hsa-mir-335,"Myopathies, Nemaline",1,1
hsa-mir-335,Ovarian Neoplasms,-1,1
hsa-mir-335,Leiomyoma,1,1
hsa-mir-340,"Leukemia, Myeloid, Acute",1,1
hsa-mir-340,Squamous Cell Carcinoma of Head and Neck,1,1
hsa-mir-346,"Adenocarcinoma, Follicular",1,1
hsa-mir-346,Ovarian Neoplasms,-1,1
hsa-mir-346,"Liver Cirrhosis, Biliary",-1,1
hsa-mir-221,"Leukemia, Lymphocytic, Chronic, B-Cell",1,1
hsa-mir-221,Glioblastoma,1,1
hsa-mir-221,"Carcinoma, Hepatocellular",1,1
hsa-mir-221,Melanoma,1,1
hsa-mir-221,"Carcinoma, Non-Small-Cell Lung",-1,1
hsa-mir-221,"Carcinoma, Non-Small-Cell Lung",1,1
hsa-mir-221,"Thyroid Cancer, Papillary",1,1
hsa-mir-221,Prostatic Neoplasms,-1,1
hsa-mir-221,Precursor Cell Lymphoblastic Leukemia-Lymphoma,-1,1
hsa-mir-221,"Leukemia, Myeloid, Acute",1,1
hsa-mir-221,"Leukemia, Myeloid, Acute",1,1
hsa-mir-221,"Muscular Dystrophy, Duchenne",1,1
hsa-mir-221,Bladder Neoplasms,1,1
hsa-mir-221,Cardiomegaly,1,1
hsa-mir-221,Colorectal Neoplasms,1,1
hsa-mir-221,Dermatomyositis,1,1
hsa-mir-221,"Lymphoma, Large B-Cell, Diffuse",1,1
hsa-mir-221,"Muscular Dystrophy, Duchenne",1,1
hsa-mir-221,"Muscular Dystrophy, Facioscapulohumeral",1,1
hsa-mir-221,Stomach Neoplasms,1,1
hsa-mir-222,Prostatic Neoplasms,-1,1
hsa-mir-183,Lung Neoplasms,-1,1
hsa-let-7a,Lupus Nephritis,1,1
hsa-let-7e,Lupus Nephritis,1,1
hsa-mir-130b,Lupus Nephritis,1,1
hsa-mir-134,Lupus Nephritis,1,1
hsa-mir-142-5p,Lupus Nephritis,1,1
hsa-mir-150,Lupus Nephritis,-1,1
hsa-mir-15b,Lupus Nephritis,1,1
hsa-mir-184,Lupus Nephritis,1,1
hsa-mir-185,Lupus Nephritis,1,1
hsa-mir-195,Lupus Nephritis,1,1
hsa-mir-197,Lupus Nephritis,1,1
hsa-mir-198,Lupus Nephritis,1,1
hsa-mir-200c,Lupus Nephritis,1,1
hsa-mir-145,"Leukemia, Lymphocytic, Chronic, B-Cell",-1,1
hsa-mir-222,Pancreatic Neoplasms,1,1
hsa-mir-29b,Lung Neoplasms,-1,1
hsa-mir-383,"Pancreatitis, Chronic",1,1
hsa-mir-409-3p,"Pancreatitis, Chronic",1,1
hsa-let-7a,"Carcinoma, Hepatocellular",-1,1
hsa-let-7a,Melanoma,-1,1
hsa-let-7a,"Carcinoma, Squamous Cell",-1,1
hsa-let-7c,Burkitt Lymphoma,-1,1
hsa-let-7e,Retinoblastoma,1,1
hsa-let-7f,Breast Neoplasms,1,1
hsa-mir-1,Lung Neoplasms,-1,1
hsa-mir-1,Retinitis Pigmentosa,1,1
hsa-mir-106b,Multiple Myeloma,1,1
hsa-mir-125b,Medulloblastoma,-1,1
hsa-let-7a,Cholangiocarcinoma,1,1
hsa-let-7a,Adenoma,normal,1
hsa-let-7a,Breast Neoplasms,-1,1
hsa-let-7a,Burkitt Lymphoma,-1,1
hsa-let-7a,Stomach Neoplasms,-1,1
hsa-let-7a,Hamartoma,normal,1
hsa-let-7a,Hodgkin Disease,1,1
hsa-let-7a,Lipoma,normal,1
hsa-let-7a,Lung Neoplasms,-1,1
hsa-let-7a,Lung Neoplasms,-1,1
hsa-let-7a,Lung Neoplasms,-1,1
hsa-let-7a,Myoma,normal,1
hsa-let-7a,"Carcinoma, Non-Small-Cell Lung",-1,1
hsa-let-7a,Ovarian Neoplasms,-1,1
hsa-let-7a,Sarcoma,normal,1
hsa-let-7a,Precursor Cell Lymphoblastic Leukemia-Lymphoma,-1,1
hsa-let-7a,"Leukemia, Myeloid, Acute",1,1
hsa-let-7a,"Leukemia, Lymphocytic, Chronic, B-Cell",-1,1
hsa-let-7a,Colorectal Neoplasms,-1,1
hsa-let-7a,"Carcinoma, Ovarian Epithelial",-1,1
hsa-let-7a,Stomach Neoplasms,-1,1
hsa-mir-583,Lupus Nephritis,1,1
hsa-mir-23b,Prostatic Neoplasms,-1,1
hsa-mir-17-5p,Neuroblastoma,1,1
hsa-mir-20a,Colorectal Neoplasms,1,1
hsa-mir-223,Lupus Nephritis,-1,1
hsa-mir-596,Lupus Nephritis,-1,1
hsa-mir-600,Lupus Nephritis,1,1
hsa-mir-601,Lupus Nephritis,1,1
hsa-mir-602,Lupus Nephritis,-1,1
hsa-mir-608,Lupus Nephritis,1,1
hsa-mir-611,Lupus Nephritis,-1,1
hsa-mir-612,Lupus Nephritis,1,1
hsa-mir-622,Lupus Nephritis,1,1
hsa-mir-637,Lupus Nephritis,-1,1
hsa-mir-638,Lupus Nephritis,1,1
hsa-mir-657,Lupus Nephritis,1,1
hsa-mir-658,Lupus Nephritis,1,1
hsa-mir-662,Lupus Nephritis,1,1
hsa-mir-663,Lupus Nephritis,-1,1
hsa-mir-769-3p,Lupus Nephritis,-1,1
hsa-mir-92b,Lupus Nephritis,-1,1
hsa-mir-137,Glioblastoma,-1,1
hsa-mir-137,"Carcinoma, Non-Small-Cell Lung",1,1
hsa-mir-137,Squamous Cell Carcinoma of Head and Neck,-1,1
hsa-mir-137,"Carcinoma, Hepatocellular",1,1
hsa-mir-137,Melanoma,-1,1
hsa-mir-138,"Thyroid Carcinoma, Anaplastic",-1,1
hsa-mir-138,Melanoma,-1,1
hsa-mir-206,Breast Neoplasms,-1,1
hsa-mir-206,Breast Neoplasms,1,1
hsa-mir-206,Ovarian Neoplasms,-1,1
hsa-mir-20a,"Leukemia, Myelogenous, Chronic, BCR-ABL Positive",-1,1
hsa-mir-20a,Lung Neoplasms,1,1
hsa-mir-20a,Lung Neoplasms,1,1
hsa-mir-20a,Colorectal Neoplasms,1,1
hsa-mir-20a,Colorectal Neoplasms,1,1
hsa-mir-20a,"Carcinoma, Hepatocellular",1,1
hsa-mir-145,Colorectal Neoplasms,-1,1
hsa-mir-145,Colorectal Neoplasms,-1,1
hsa-mir-145,Colorectal Neoplasms,-1,1
hsa-mir-145,"Lymphoma, Large B-Cell, Diffuse",-1,1
hsa-mir-148a,Adenocarcinoma,-1,1
hsa-mir-15b,Pancreatic Neoplasms,1,1
hsa-mir-197,"Myositis, Inclusion Body",-1,1
hsa-mir-197,"Muscular Dystrophies, Limb-Girdle",-1,1
hsa-mir-197,Lung Neoplasms,1,1
hsa-mir-197,Squamous Cell Carcinoma of Head and Neck,-1,1
hsa-mir-197,Pituitary Neoplasms,1,1
hsa-mir-197,"Liver Cirrhosis, Biliary",-1,1
hsa-mir-197,Psoriasis,-1,1
hsa-mir-197,Leiomyoma,-1,1
hsa-mir-198,"Pancreatitis, Chronic",1,1
hsa-mir-198,Lung Neoplasms,-1,1
hsa-mir-198,Prostatic Neoplasms,1,1
hsa-mir-217,Adenocarcinoma,1,1
hsa-mir-221,Glioblastoma,1,1
hsa-mir-25,Multiple Myeloma,1,1
hsa-mir-26a,Burkitt Lymphoma,-1,1
hsa-mir-29b,Breast Neoplasms,1,1
hsa-mir-29c,Breast Neoplasms,1,1
hsa-mir-30a-3p,Breast Neoplasms,-1,1
hsa-mir-32,Multiple Myeloma,1,1
hsa-mir-23a,Colorectal Neoplasms,-1,1
hsa-mir-17-5p,"Carcinoma, Hepatocellular",1,1
hsa-mir-17-5p,Breast Neoplasms,-1,1
hsa-mir-181a,Glioma,-1,1
hsa-mir-181a,Multiple Myeloma,1,1
hsa-mir-181b,Breast Neoplasms,1,1
hsa-mir-181b,Glioma,-1,1
hsa-mir-181b,Multiple Myeloma,1,1
hsa-mir-181d,Breast Neoplasms,1,1
hsa-mir-182,Retinitis Pigmentosa,-1,1
hsa-mir-183,Retinitis Pigmentosa,-1,1
hsa-mir-198,Retinoblastoma,1,1
hsa-mir-19a,"Carcinoma, Hepatocellular",1,1
hsa-mir-19a,Multiple Myeloma,1,1
hsa-mir-19b,"Carcinoma, Hepatocellular",1,1
hsa-mir-19b,Multiple Myeloma,1,1
hsa-mir-205,Bladder Neoplasms,-1,1
hsa-mir-20a,Breast Neoplasms,-1,1
hsa-mir-222,Adenocarcinoma,1,1
hsa-mir-222,"Thyroid Cancer, Papillary",1,1
hsa-mir-222,Polymyositis,1,1
hsa-mir-222,Prostatic Neoplasms,-1,1
hsa-mir-223,"Leukemia, Lymphocytic, Chronic, B-Cell",-1,1
hsa-mir-223,"Leukemia, Promyelocytic, Acute",1,1
hsa-mir-223,"Leukemia, Promyelocytic, Acute",1,1
hsa-mir-223,"Leukemia, Myelogenous, Chronic, BCR-ABL Positive",-1,1
hsa-mir-223,"Carcinoma, Hepatocellular",-1,1
hsa-mir-223,Ovarian Neoplasms,1,1
hsa-mir-223,Precursor Cell Lymphoblastic Leukemia-Lymphoma,-1,1
hsa-mir-223,"Leukemia, Myeloid, Acute",1,1
hsa-mir-223,Bladder Neoplasms,1,1
hsa-mir-223,Colorectal Neoplasms,1,1
hsa-mir-223,Dermatomyositis,1,1
hsa-mir-223,Stomach Neoplasms,1,1
hsa-mir-223,"Carcinoma, Hepatocellular",-1,1
hsa-mir-223,"Myositis, Inclusion Body",1,1
hsa-mir-223,"Muscular Dystrophies, Limb-Girdle",1,1
hsa-mir-223,Distal Myopathies,1,1
hsa-mir-223,"Myopathies, Nemaline",1,1
hsa-mir-223,Squamous Cell Carcinoma of Head and Neck,-1,1
hsa-mir-223,Pancreatic Neoplasms,1,1
hsa-mir-214,Ovarian Neoplasms,-1,1
hsa-mir-214,Cardiomegaly,1,1
hsa-mir-214,Cardiomegaly,1,1
hsa-mir-214,Dermatomyositis,1,1
hsa-mir-214,"Muscular Dystrophy, Duchenne",1,1
hsa-mir-214,"Carcinoma, Ovarian Epithelial",-1,1
hsa-mir-214,"Muscular Dystrophy, Facioscapulohumeral",1,1
hsa-mir-214,Stomach Neoplasms,1,1
hsa-mir-214,Squamous Cell Carcinoma of Head and Neck,1,1
hsa-mir-214,Heart Failure,1,1
hsa-mir-214,"Carcinoma, Hepatocellular",-1,1
hsa-mir-214,"Carcinoma, Hepatocellular",-1,1
hsa-mir-214,"Myositis, Inclusion Body",1,1
hsa-mir-214,"Muscular Dystrophies, Limb-Girdle",1,1
hsa-mir-214,Lung Neoplasms,1,1
hsa-mir-214,Distal Myopathies,1,1
hsa-mir-214,"Myopathies, Nemaline",1,1
hsa-mir-214,Pancreatic Neoplasms,1,1
hsa-mir-214,Polymyositis,1,1
hsa-mir-214,Prostatic Neoplasms,1,1
hsa-mir-214,Ovarian Neoplasms,-1,1
hsa-mir-214,Vascular Diseases,1,1
hsa-mir-495,Dermatomyositis,1,1
hsa-mir-96,Colorectal Neoplasms,1,1
hsa-mir-221,Glioblastoma,1,1
hsa-mir-128,Glioma,-1,1
hsa-mir-143,Obesity,1,1
hsa-mir-145,Colorectal Neoplasms,-1,1
hsa-mir-146a,Alzheimer Disease,1,1
hsa-mir-146a,Breast Neoplasms,1,1
hsa-mir-146a,"Carcinoma, Hepatocellular",1,1
hsa-mir-146a,Ovarian Neoplasms,1,1
hsa-mir-521,Prostatic Neoplasms,1,1
hsa-mir-194,Endometriosis,1,1
hsa-mir-495,"Muscular Dystrophy, Duchenne",1,1
hsa-mir-495,"Muscular Dystrophies, Limb-Girdle",1,1
hsa-mir-495,Distal Myopathies,1,1
hsa-mir-495,"Myopathies, Nemaline",1,1
hsa-mir-497,"Pancreatitis, Chronic",-1,1
hsa-mir-497,Prostatic Neoplasms,-1,1
hsa-mir-498,Squamous Cell Carcinoma of Head and Neck,1,1
hsa-mir-498,Ovarian Neoplasms,1,1
hsa-mir-498,Prostatic Neoplasms,1,1
hsa-mir-498,Leiomyoma,-1,1
hsa-mir-503,Prostatic Neoplasms,1,1
hsa-mir-510,Irritable Bowel Syndrome,normal,1
hsa-mir-515-3p,Ovarian Neoplasms,-1,1
hsa-mir-10a,Colorectal Neoplasms,-1,1
hsa-mir-205,"Carcinoma, Non-Small-Cell Lung",1,1
hsa-mir-20a,Colorectal Neoplasms,1,1
hsa-mir-31,Breast Neoplasms,-1,1
hsa-mir-561,Multiple Myeloma,1,1
hsa-mir-7,Breast Neoplasms,1,1
hsa-mir-92a,"Carcinoma, Hepatocellular",1,1
hsa-mir-93,Multiple Myeloma,1,1
hsa-mir-96,Retinitis Pigmentosa,-1,1
hsa-mir-98,Breast Neoplasms,1,1
hsa-mir-708,Precursor Cell Lymphoblastic Leukemia-Lymphoma,1,1
hsa-mir-29c,Rhabdomyosarcoma,-1,1
hsa-mir-101,Spinocerebellar Ataxias,-1,1
hsa-mir-96,"Carcinoma, Hepatocellular",1,1
hsa-mir-96,"Carcinoma, Hepatocellular",1,1
hsa-mir-96,Melanoma,-1,1
hsa-mir-96,"Carcinoma, Non-Small-Cell Lung",-1,1
hsa-mir-96,Squamous Cell Carcinoma of Head and Neck,-1,1
hsa-mir-96,Adenocarcinoma,-1,1
hsa-mir-96,Retinitis Pigmentosa,1,1
hsa-mir-98,Squamous Cell Carcinoma of Head and Neck,1,1
hsa-mir-130a,Precursor Cell Lymphoblastic Leukemia-Lymphoma,-1,1
hsa-mir-130a,"Leukemia, Myeloid, Acute",1,1
hsa-mir-130a,Dermatomyositis,1,1
hsa-mir-130a,"Muscular Dystrophy, Duchenne",1,1
hsa-mir-130a,Glioblastoma,1,1
hsa-let-7c,Precursor Cell Lymphoblastic Leukemia-Lymphoma,-1,1
hsa-mir-1,Cardiomyopathies,1,1
hsa-mir-145,Breast Neoplasms,-1,1
hsa-mir-16,"Leukemia, Lymphocytic, Chronic, B-Cell",-1,1
hsa-mir-181b,"Leukemia, Lymphocytic, Chronic, B-Cell",-1,1
hsa-mir-181b,"Leukemia, Myeloid, Acute",1,1
hsa-mir-181b,"Leukemia, Promyelocytic, Acute",-1,1
hsa-mir-181b,"Leukemia, Lymphocytic, Chronic, B-Cell",1,1
hsa-mir-181b,Colorectal Neoplasms,1,1
hsa-mir-181b,Colorectal Neoplasms,1,1
hsa-mir-181b,Colorectal Neoplasms,1,1
hsa-mir-181b,Glioblastoma,-1,1
hsa-mir-183,Colorectal Neoplasms,1,1
hsa-mir-183,"Carcinoma, Hepatocellular",1,1
hsa-mir-183,Melanoma,-1,1
hsa-mir-184,Neuroblastoma,-1,1
hsa-mir-197,"Adenocarcinoma, Follicular",1,1
hsa-mir-197,Alzheimer Disease,1,1
hsa-mir-197,"Pancreatitis, Chronic",1,1
hsa-mir-197,"Muscular Dystrophy, Duchenne",-1,1
hsa-mir-197,Glioblastoma,-1,1
hsa-mir-197,Squamous Cell Carcinoma of Head and Neck,-1,1
hsa-mir-381,Dermatomyositis,1,1
hsa-mir-381,"Muscular Dystrophy, Duchenne",1,1
hsa-mir-381,"Myositis, Inclusion Body",1,1
hsa-mir-381,"Muscular Dystrophies, Limb-Girdle",1,1
hsa-mir-381,Distal Myopathies,1,1
hsa-mir-381,"Myopathies, Nemaline",1,1
hsa-mir-381,Ovarian Neoplasms,-1,1
hsa-mir-381,Psoriasis,-1,1
hsa-mir-29b,"Diabetes Mellitus, Type 2",1,1
hsa-mir-29b,Cardiomegaly,-1,1
hsa-mir-29b,"Muscular Dystrophy, Duchenne",-1,1
hsa-mir-29b,"Muscular Dystrophy, Facioscapulohumeral",1,1
hsa-mir-29b,Glioblastoma,-1,1
hsa-mir-29b,Squamous Cell Carcinoma of Head and Neck,-1,1
hsa-mir-29b,"Muscular Dystrophies, Limb-Girdle",1,1
hsa-mir-29b,Melanoma,-1,1
hsa-mir-29b,"Myopathies, Nemaline",-1,1
hsa-mir-29b,"Thyroid Cancer, Papillary",1,1
hsa-mir-29b,"Liver Cirrhosis, Biliary",-1,1
hsa-mir-29b,Prostatic Neoplasms,-1,1
hsa-mir-29b,Leiomyoma,-1,1
hsa-mir-29b,Leiomyoma,-1,1
hsa-mir-29c,"Leukemia, Lymphocytic, Chronic, B-Cell",-1,1
hsa-mir-204,Squamous Cell Carcinoma of Head and Neck,-1,1
hsa-mir-205,Breast Neoplasms,-1,1
hsa-mir-205,Bladder Neoplasms,1,1
hsa-mir-205,Breast Neoplasms,-1,1
hsa-mir-205,Esophageal Neoplasms,-1,1
hsa-mir-205,Head and Neck Neoplasms,1,1
hsa-mir-205,Lung Neoplasms,1,1
hsa-mir-205,Pancreatic Neoplasms,1,1
hsa-mir-205,Adenocarcinoma,1,1
hsa-mir-205,Prostatic Neoplasms,-1,1
hsa-mir-206,Breast Neoplasms,1,1
hsa-mir-15a,"Leukemia, Lymphocytic, Chronic, B-Cell",1,1
hsa-mir-15a,"Carcinoma, Hepatocellular",-1,1
hsa-mir-15a,"Leukemia, Promyelocytic, Acute",1,1
hsa-mir-15a,"Leukemia, Lymphocytic, Chronic, B-Cell",-1,1
hsa-mir-15a,"Leukemia, Lymphocytic, Chronic, B-Cell",-1,1
hsa-mir-15a,"Leukemia, Lymphocytic, Chronic, B-Cell",-1,1
hsa-mir-15a,Pituitary Neoplasms,-1,1
hsa-mir-15a,Alzheimer Disease,-1,1
hsa-mir-15a,Squamous Cell Carcinoma of Head and Neck,1,1
hsa-mir-223,Pancreatic Neoplasms,1,1
hsa-let-7a,"Myopathies, Nemaline",1,1
hsa-let-7a,Prostatic Neoplasms,-1,1
hsa-let-7b,Ovarian Neoplasms,-1,1
hsa-let-7b,Lung Neoplasms,-1,1
hsa-let-7b,Lung Neoplasms,-1,1
hsa-let-7b,Melanoma,-1,1
hsa-let-7b,Precursor Cell Lymphoblastic Leukemia-Lymphoma,-1,1
hsa-let-7b,"Leukemia, Myeloid, Acute",1,1
hsa-let-7b,Cardiomegaly,1,1
hsa-let-7b,Uterine Cervical Neoplasms,-1,1
hsa-mir-223,Adenocarcinoma,1,1
hsa-mir-223,Pituitary Neoplasms,-1,1
hsa-mir-223,"Liver Cirrhosis, Biliary",-1,1
hsa-mir-223,Prostatic Neoplasms,1,1
hsa-mir-224,"Carcinoma, Hepatocellular",1,1
hsa-mir-224,"Carcinoma, Ovarian Epithelial",-1,1
hsa-mir-224,"Carcinoma, Hepatocellular",1,1
hsa-mir-224,"Carcinoma, Hepatocellular",1,1
hsa-mir-224,Lung Neoplasms,-1,1
hsa-mir-224,Melanoma,-1,1
hsa-mir-224,Squamous Cell Carcinoma of Head and Neck,1,1
hsa-mir-224,Adenocarcinoma,1,1
hsa-mir-224,Prostatic Neoplasms,1,1
hsa-mir-23a,"Carcinoma, Hepatocellular",1,1
hsa-mir-23a,Precursor Cell Lymphoblastic Leukemia-Lymphoma,-1,1
hsa-mir-23a,"Leukemia, Myeloid, Acute",1,1
hsa-mir-23a,Bladder Neoplasms,1,1
hsa-mir-23a,Cardiomegaly,1,1
hsa-mir-23a,Glioblastoma,1,1
hsa-mir-23a,Heart Failure,1,1
hsa-mir-23a,"Carcinoma, Hepatocellular",1,1
hsa-mir-145,Breast Neoplasms,-1,1
hsa-mir-145,Colorectal Neoplasms,-1,1
hsa-mir-145,Colorectal Neoplasms,-1,1
hsa-mir-145,Colorectal Neoplasms,-1,1
hsa-mir-145,"Lymphoma, Large B-Cell, Diffuse",-1,1
hsa-mir-145,"Carcinoma, Ovarian Epithelial",-1,1
hsa-mir-145,"Carcinoma, Ovarian Epithelial",-1,1
hsa-mir-145,"Carcinoma, Hepatocellular",-1,1
hsa-mir-145,"Carcinoma, Hepatocellular",-1,1
hsa-mir-145,Adenocarcinoma,1,1
hsa-mir-145,Prostatic Neoplasms,-1,1
hsa-mir-145,Prostatic Neoplasms,1,1
hsa-mir-145,Ovarian Neoplasms,-1,1
hsa-mir-145,Testicular Neoplasms,1,1
hsa-mir-145,Vascular Diseases,-1,1
hsa-mir-146a,"Leukemia, Lymphocytic, Chronic, B-Cell",1,1
hsa-mir-146a,Breast Neoplasms,1,1
hsa-mir-146a,Breast Neoplasms,-1,1
hsa-mir-146a,"Thyroid Cancer, Papillary",1,1
hsa-mir-146a,Prostatic Neoplasms,-1,1
hsa-mir-146a,Breast Neoplasms,1,1
hsa-mir-146a,Cardiomegaly,1,1
hsa-mir-221,"Carcinoma, Hepatocellular",1,1
hsa-mir-221,"Carcinoma, Hepatocellular",1,1
hsa-mir-221,"Carcinoma, Hepatocellular",1,1
hsa-mir-221,"Myositis, Inclusion Body",1,1
hsa-mir-221,"Muscular Dystrophies, Limb-Girdle",1,1
hsa-mir-221,Distal Myopathies,1,1
hsa-mir-221,"Myopathies, Nemaline",1,1
hsa-mir-221,Neuroblastoma,1,1
hsa-mir-221,Ovarian Neoplasms,1,1
hsa-mir-221,Pancreatic Neoplasms,1,1
hsa-mir-221,Pancreatic Neoplasms,1,1
hsa-mir-221,Pancreatic Neoplasms,1,1
hsa-mir-221,Adenocarcinoma,1,1
hsa-mir-221,"Thyroid Cancer, Papillary",1,1
hsa-mir-221,Polymyositis,1,1
hsa-mir-221,Prostatic Neoplasms,-1,1
hsa-mir-222,Glioblastoma,1,1
hsa-mir-222,Melanoma,1,1
hsa-mir-222,"Carcinoma, Non-Small-Cell Lung",1,1
hsa-mir-222,"Thyroid Cancer, Papillary",1,1
hsa-mir-222,Precursor Cell Lymphoblastic Leukemia-Lymphoma,-1,1
hsa-mir-222,"Leukemia, Myeloid, Acute",1,1
hsa-mir-222,"Leukemia, Myeloid, Acute",1,1
hsa-mir-222,Cardiomegaly,1,1
hsa-mir-132,Polymyositis,1,1
hsa-mir-20a,"Carcinoma, Hepatocellular",1,1
hsa-mir-518b,Ovarian Neoplasms,1,1
hsa-mir-29c,Lung Neoplasms,-1,1
hsa-mir-106a,"Lymphoma, Follicular",1,1
hsa-mir-106a,Melanoma,-1,1
hsa-mir-106a,Neuroblastoma,1,1
hsa-mir-106a,Pancreatic Neoplasms,1,1
hsa-mir-106a,Prostatic Neoplasms,1,1
hsa-mir-106a,Psoriasis,1,1
hsa-mir-29c,Nasopharyngeal Carcinoma,-1,1
hsa-mir-29c,"Diabetes Mellitus, Type 2",1,1
hsa-mir-29c,Cardiomegaly,-1,1
hsa-mir-29c,Cardiomegaly,-1,1
hsa-mir-29c,"Muscular Dystrophy, Duchenne",-1,1
hsa-mir-29c,"Myopathies, Nemaline",-1,1
hsa-mir-29c,Ovarian Neoplasms,1,1
hsa-mir-29c,Adenocarcinoma,-1,1
hsa-mir-29c,"Thyroid Cancer, Papillary",1,1
hsa-mir-29c,Leiomyoma,-1,1
hsa-mir-302a,Squamous Cell Carcinoma of Head and Neck,-1,1
hsa-mir-302b,Squamous Cell Carcinoma of Head and Neck,-1,1
hsa-mir-20a,Lymphoma,1,1
hsa-mir-20a,Pancreatic Neoplasms,1,1
hsa-mir-20a,"Liver Cirrhosis, Biliary",-1,1
hsa-mir-20a,Prostatic Neoplasms,1,1
hsa-mir-20a,Psoriasis,1,1
hsa-mir-20a,Ovarian Neoplasms,1,1
hsa-mir-20b,"Leukemia, T-Cell",1,1
hsa-mir-217,"Leukemia, Lymphocytic, Chronic, B-Cell",1,1
hsa-mir-217,Nasopharyngeal Carcinoma,-1,1
hsa-mir-217,Adenocarcinoma,-1,1
hsa-mir-218,Uterine Cervical Neoplasms,-1,1
hsa-mir-218,Cardiomegaly,-1,1
hsa-mir-22,Precursor Cell Lymphoblastic Leukemia-Lymphoma,-1,1
hsa-mir-22,"Leukemia, Myeloid, Acute",1,1
hsa-mir-22,Alzheimer Disease,-1,1
hsa-mir-22,"Muscular Dystrophy, Duchenne",-1,1
hsa-mir-22,Squamous Cell Carcinoma of Head and Neck,-1,1
hsa-mir-16,"Leukemia, Lymphocytic, Chronic, B-Cell",-1,1
hsa-mir-16,Stomach Neoplasms,-1,1
hsa-mir-16,Prostatic Neoplasms,-1,1
hsa-mir-16,Ovarian Neoplasms,1,1
hsa-mir-199a-3p,Ovarian Neoplasms,-1,1
hsa-mir-519a,Ovarian Neoplasms,-1,1
hsa-mir-519d,"Liver Cirrhosis, Biliary",-1,1
hsa-mir-542-3p,Ovarian Neoplasms,-1,1
hsa-mir-542-3p,Leiomyoma,1,1
hsa-mir-542-5p,Leiomyoma,-1,1
hsa-mir-551a,Ovarian Neoplasms,-1,1
hsa-mir-563,Squamous Cell Carcinoma of Head and Neck,1,1
hsa-mir-572,Squamous Cell Carcinoma of Head and Neck,1,1
hsa-mir-572,Ovarian Neoplasms,1,1
hsa-mir-605,Ovarian Neoplasms,1,1
hsa-mir-608,Ovarian Neoplasms,-1,1
hsa-mir-611,Ovarian Neoplasms,1,1
hsa-mir-622,Ovarian Neoplasms,-1,1
hsa-mir-106b,Stomach Neoplasms,1,1
hsa-mir-106b,Alzheimer Disease,-1,1
hsa-mir-106b,Ovarian Neoplasms,-1,1
hsa-mir-107,Esophageal Neoplasms,1,1
hsa-mir-107,Alzheimer Disease,-1,1
hsa-mir-107,Cardiomegaly,1,1
hsa-mir-107,Colorectal Neoplasms,1,1
hsa-mir-107,Colorectal Neoplasms,-1,1
hsa-mir-107,Stomach Neoplasms,1,1
hsa-mir-107,Melanoma,-1,1
hsa-mir-107,Squamous Cell Carcinoma of Head and Neck,-1,1
hsa-mir-107,Pancreatic Neoplasms,1,1
hsa-mir-107,Pancreatic Neoplasms,1,1
hsa-mir-107,Pancreatic Neoplasms,1,1
hsa-mir-107,Pancreatic Neoplasms,1,1
hsa-mir-10a,Cardiomegaly,-1,1
hsa-mir-10a,Colorectal Neoplasms,1,1
hsa-mir-181c,"Leukemia, Myeloid, Acute",1,1
hsa-mir-181c,Alzheimer Disease,-1,1
hsa-mir-181c,Glioblastoma,-1,1
hsa-mir-181c,"Carcinoma, Hepatocellular",-1,1
hsa-mir-181c,Lung Neoplasms,-1,1
hsa-mir-181c,Pancreatic Neoplasms,1,1
hsa-mir-181c,Pancreatic Neoplasms,1,1
hsa-mir-181c,"Thyroid Cancer, Papillary",1,1
hsa-mir-181d,"Muscular Dystrophy, Duchenne",1,1
hsa-mir-181d,"Myopathies, Nemaline",1,1
hsa-mir-181d,Pancreatic Neoplasms,1,1
hsa-mir-182,"Leukemia, Myeloid, Acute",-1,1
hsa-mir-182,"Carcinoma, Ovarian Epithelial",1,1
hsa-mir-182,"Carcinoma, Hepatocellular",1,1
hsa-mir-182,Melanoma,-1,1
hsa-mir-183,"Leukemia, Lymphocytic, Chronic, B-Cell",1,1
hsa-mir-183,Ovarian Neoplasms,-1,1
hsa-mir-183,Retinitis Pigmentosa,1,1
hsa-mir-23a,Squamous Cell Carcinoma of Head and Neck,-1,1
hsa-mir-23a,Pancreatic Neoplasms,1,1
hsa-mir-23a,Prostatic Neoplasms,-1,1
hsa-mir-23a,Ovarian Neoplasms,1,1
hsa-mir-23b,"Leukemia, Lymphocytic, Chronic, B-Cell",1,1
hsa-mir-23b,Precursor Cell Lymphoblastic Leukemia-Lymphoma,-1,1
hsa-mir-23b,"Leukemia, Myeloid, Acute",1,1
hsa-mir-23b,Bladder Neoplasms,1,1
hsa-mir-23b,Cardiomegaly,1,1
hsa-mir-23b,Uterine Cervical Neoplasms,-1,1
hsa-mir-23b,Glioblastoma,1,1
hsa-mir-23b,"Carcinoma, Hepatocellular",1,1
hsa-mir-23b,Melanoma,-1,1
hsa-mir-23b,Squamous Cell Carcinoma of Head and Neck,-1,1
hsa-mir-23b,Pancreatic Neoplasms,1,1
hsa-mir-23b,Prostatic Neoplasms,-1,1
hsa-mir-23b,Ovarian Neoplasms,1,1
hsa-mir-23b,Leiomyoma,1,1
hsa-mir-24,Vesicular Stomatitis,-1,1
hsa-mir-24,Precursor Cell Lymphoblastic Leukemia-Lymphoma,-1,1
hsa-mir-24,"Leukemia, Myeloid, Acute",1,1
hsa-mir-24,Cardiomegaly,1,1
hsa-mir-24,Heart Failure,1,1
hsa-mir-24,"Carcinoma, Hepatocellular",1,1
hsa-mir-25,"Carcinoma, Hepatocellular",1,1
hsa-mir-148b,Asthma,normal,1
hsa-mir-372,Colorectal Neoplasms,1,1
hsa-mir-363,Alzheimer Disease,-1,1
hsa-mir-365,Psoriasis,-1,1
hsa-mir-365,Vascular Diseases,-1,1
hsa-mir-367,"Leukemia, Myeloid, Acute",-1,1
hsa-mir-367,Squamous Cell Carcinoma of Head and Neck,-1,1
hsa-mir-367,Testicular Neoplasms,1,1
hsa-mir-148b,Dermatomyositis,1,1
hsa-mir-148b,Squamous Cell Carcinoma of Head and Neck,-1,1
hsa-mir-148b,"Muscular Dystrophies, Limb-Girdle",1,1
hsa-mir-148b,"Myopathies, Nemaline",1,1
hsa-mir-148b,Pancreatic Neoplasms,-1,1
hsa-mir-148b,Adenocarcinoma,-1,1
hsa-mir-150,Cardiomegaly,-1,1
hsa-mir-150,Cardiomegaly,-1,1
hsa-mir-150,"Leukemia, Lymphocytic, Chronic, B-Cell",-1,1
hsa-mir-150,"Lymphoma, Large B-Cell, Diffuse",-1,1
hsa-mir-150,"Carcinoma, Ovarian Epithelial",-1,1
hsa-mir-150,"Carcinoma, Hepatocellular",-1,1
hsa-mir-153,Glioblastoma,-1,1
hsa-mir-15a,Melanoma,-1,1
hsa-mir-15b,Stomach Neoplasms,-1,1
hsa-mir-15b,"Leukemia, Myeloid, Acute",-1,1
hsa-mir-15b,"Leukemia, Promyelocytic, Acute",1,1
hsa-mir-15b,"Leukemia, Lymphocytic, Chronic, B-Cell",1,1
hsa-mir-15b,Cardiomegaly,1,1
hsa-mir-15b,Colorectal Neoplasms,-1,1
hsa-mir-15b,Colorectal Neoplasms,1,1
hsa-mir-15b,"Carcinoma, Non-Small-Cell Lung",1,1
hsa-let-7c,"Leukemia, Myeloid, Acute",1,1
hsa-let-7c,Cardiomegaly,1,1
hsa-let-7c,Uterine Cervical Neoplasms,-1,1
hsa-let-7c,Down Syndrome,1,1
hsa-let-7c,"Carcinoma, Ovarian Epithelial",-1,1
hsa-let-7c,"Carcinoma, Hepatocellular",-1,1
hsa-let-7c,Lung Neoplasms,1,1
hsa-let-7c,Lung Neoplasms,-1,1
hsa-let-7c,Prostatic Neoplasms,1,1
hsa-let-7c,Prostatic Neoplasms,-1,1
hsa-let-7c,Leiomyoma,1,1
hsa-mir-186,Squamous Cell Carcinoma of Head and Neck,-1,1
hsa-mir-222,Dermatomyositis,1,1
hsa-mir-106a,Colorectal Neoplasms,1,1
hsa-mir-147,"Leukemia, Promyelocytic, Acute",1,1
hsa-mir-195,Prostatic Neoplasms,-1,1
hsa-mir-433,Parkinson Disease,normal,1
hsa-mir-518b,Psoriasis,-1,1
hsa-mir-130a,"Carcinoma, Hepatocellular",-1,1
hsa-mir-143,Lung Neoplasms,-1,1
hsa-mir-200c,Ovarian Neoplasms,1,1
hsa-let-7f,Ovarian Neoplasms,-1,1
hsa-let-7f,Prostatic Neoplasms,-1,1
hsa-let-7b,Colorectal Neoplasms,1,1
hsa-let-7b,"Muscular Dystrophy, Facioscapulohumeral",1,1
hsa-let-7b,"Carcinoma, Hepatocellular",-1,1
hsa-let-7b,"Muscular Dystrophies, Limb-Girdle",1,1
hsa-let-7b,Distal Myopathies,1,1
hsa-let-7b,"Myopathies, Nemaline",1,1
hsa-let-7b,Neuroblastoma,1,1
hsa-let-7b,"Liver Cirrhosis, Biliary",-1,1
hsa-let-7b,Prostatic Neoplasms,-1,1
hsa-let-7b,Eye Neoplasms,1,1
hsa-let-7c,"Leukemia, Promyelocytic, Acute",1,1
hsa-let-7c,Lung Neoplasms,-1,1
hsa-let-7c,Ovarian Neoplasms,-1,1
hsa-let-7c,Prostatic Neoplasms,-1,1
hsa-let-7c,Leiomyoma,-1,1
hsa-mir-132,Dermatomyositis,1,1
hsa-mir-132,"Muscular Dystrophy, Facioscapulohumeral",1,1
hsa-mir-132,Glioblastoma,-1,1
hsa-mir-132,"Carcinoma, Hepatocellular",-1,1
hsa-mir-132,"Muscular Dystrophies, Limb-Girdle",1,1
hsa-mir-132,Distal Myopathies,1,1
hsa-mir-132,"Myopathies, Nemaline",1,1
hsa-mir-132,Squamous Cell Carcinoma of Head and Neck,-1,1
hsa-mir-132,Pituitary Neoplasms,-1,1
